{"data": [{"name": "A", "value": 100}, {"name": "Eun Jung Kim", "value": 100}, {"name": "Beno\u00eet Dupont de Dinechin", "value": 100}, {"name": "Vivek De", "value": 100}, {"name": "Sourav Das", "value": 100}, {"name": "Kanad Basu", "value": 100}, {"name": "Janardhan Rao Doppa", "value": 100}, {"name": "Partha Pratim Pande", "value": 100}, {"name": "Ramesh Karri", "value": 100}, {"name": "Krishnendu Chakrabarty", "value": 100}, {"name": "Abhijit Das", "value": 100}, {"name": "Sarath Babu", "value": 100}, {"name": "John Jose", "value": 100}, {"name": "Sangeetha Jose", "value": 100}, {"name": "Maurizio Palesi", "value": 100}, {"name": "Ahsen Ejaz", "value": 100}, {"name": "Vassilis Papaefstathiou", "value": 100}, {"name": "Ioannis Sourdis", "value": 100}, {"name": "Travis Boraten", "value": 100}, {"name": "Avinash Kodi", "value": 100}, {"name": "Jie Han", "value": 100}, {"name": "Mayank Parasar", "value": 100}, {"name": "Tushar Krishna", "value": 100}, {"name": "Arash Firuzan", "value": 100}, {"name": "Mehdi Modarressi", "value": 100}, {"name": "Masoud Daneshtalab", "value": 100}, {"name": "Midia Reshadi", "value": 100}, {"name": "Vasil Pano", "value": 100}, {"name": "Ragh Kuttappa", "value": 100}, {"name": "Baris Taskin", "value": 100}, {"name": "Boris Vaisband", "value": 100}, {"name": "Subramanian S. Iyer", "value": 100}, {"name": "Luka Daoud", "value": 100}, {"name": "Nader Rafla", "value": 100}, {"name": "Francesc Guim", "value": 100}, {"name": "Giovanni De Micheli", "value": 200}, {"name": "Hossein Farrokhbakht", "value": 100}, {"name": "Henry Kao", "value": 100}, {"name": "Natalie Enright Jerger", "value": 100}, {"name": "Sudeep Pasricha", "value": 100}]}