{"data": [{"name": "Approximate Networks", "value": 100}, {"name": "Co-Design and Abstra", "value": 100}, {"name": "Keynote Talk - Many-", "value": 100}, {"name": "Abetting Planned Obs", "value": 200}, {"name": "Critical Packet Prio", "value": 200}, {"name": "FreewayNoC - A DDR N", "value": 200}, {"name": "Securing NoCs Agains", "value": 600}, {"name": "Approximate Arithmet", "value": 100}, {"name": "BINDU - deadlock-fre", "value": 100}, {"name": "Reconfigurable Netwo", "value": 400}, {"name": "3D NoCs with active ", "value": 100}, {"name": "Global and semi-glob", "value": 100}, {"name": "Detection and preven", "value": 100}, {"name": "Challenges and Oppor", "value": 100}, {"name": "Keynote Talk - NoCs ", "value": 100}, {"name": "UBERNoC - unified bu", "value": 100}, {"name": "Securing Photonic No", "value": 400}, {"name": "Power efficient phot", "value": 100}, {"name": "Brownian Bubble Rout", "value": 400}, {"name": "Achieving Lightweigh", "value": 1000}, {"name": "APEC - improved ackn", "value": 100}, {"name": "Testing WiNoC-Enable", "value": 400}, {"name": "Accurate Congestion ", "value": 200}, {"name": "Distributed and Dyna", "value": 200}, {"name": "Synchoricity and NOC", "value": 200}, {"name": "Towards Energy-Effic", "value": 600}, {"name": "On Runtime Communica", "value": 200}, {"name": "Energy-efficient and", "value": 100}, {"name": "SMART++ - reducing c", "value": 100}, {"name": "Rethinking NoCs for ", "value": 300}, {"name": "Approximate nanophot", "value": 200}, {"name": "On the Accuracy of S", "value": 300}, {"name": "NoC-based DNN accele", "value": 100}, {"name": "Fairness-Oriented an", "value": 400}, {"name": "Improving the Reliab", "value": 600}]}