{"data": [{"name": "Eun Jung Kim", "category": "5", "symbolSize": 55}, {"name": "Hyunjun Jang", "category": "3"}, {"name": "Baik Song An", "category": "6"}, {"name": "Nikhil Kulkarni", "category": "5"}, {"name": "Ki Hwan Yum", "category": "6"}, {"name": "Lei Wang", "category": "4"}, {"name": "Yuho Jin", "category": "2"}, {"name": "Hyungjun Kim", "category": "6"}, {"name": "Jinchun Kim", "category": "5"}, {"name": "Paul Gratz", "category": "3"}, {"name": "Rahul Boyapati", "category": "1"}, {"name": "Jiayi Huang", "category": "0"}, {"name": "Pritam Majumder", "category": "1"}, {"name": "Beno\u00eet Dupont de Dinechin", "category": "3", "symbolSize": 55}, {"name": "Duco van Amstel", "category": "3"}, {"name": "Marc Poulhi\u00e8s", "category": "2"}, {"name": "Guillaume Lager", "category": "0"}, {"name": "Renaud Ayrignac", "category": "6"}, {"name": "Pierre-Edouard Beaucamps", "category": "6"}, {"name": "Patrice Couvert", "category": "0"}, {"name": "Ben\u00f4\u0131t Ganne", "category": "5"}, {"name": "Pierre Guironnet de Massas", "category": "1"}, {"name": "Fran\u00e7ois Jacquet", "category": "3"}, {"name": "Samuel Jones", "category": "2"}, {"name": "Nicolas Morey Chaisemartin", "category": "1"}, {"name": "Fr\u00e9d\u00e9ric Riss", "category": "0"}, {"name": "Thierry Strudel", "category": "1"}, {"name": "Vivek De", "category": "4", "symbolSize": 5}, {"name": "Sourav Das", "category": "3", "symbolSize": 40}, {"name": "Kanad Basu", "category": "0"}, {"name": "Janardhan Rao Doppa", "category": "2"}, {"name": "Partha Pratim Pande", "category": "5"}, {"name": "Ramesh Karri", "category": "5"}, {"name": "Krishnendu Chakrabarty", "category": "4"}, {"name": "Srinivasan Gopal", "category": "1"}, {"name": "Deuk Heo", "category": "2"}, {"name": "Kanad Basu", "category": "3", "symbolSize": 30}, {"name": "Janardhan Rao Doppa", "category": "0", "symbolSize": 55}, {"name": "Biresh Kumar Joardar", "category": "2"}, {"name": "Wonje Choi", "category": "2"}, {"name": "Ryan Kim", "category": "0"}, {"name": "Diana Marculescu", "category": "4"}, {"name": "Radu Marculescu", "category": "3"}, {"name": "Mihailo Isakov", "category": "6"}, {"name": "Michel A. Kinsy", "category": "6"}, {"name": "Hyoukjun Kwon", "category": "2"}, {"name": "Tushar Krishna", "category": "4"}, {"name": "Nitthilan Kannappan Jayakodi", "category": "6"}, {"name": "Hai Li", "category": "3"}, {"name": "Shouvik Musavvir", "category": "1"}, {"name": "Anwesha Chatterjee", "category": "6"}, {"name": "Dae Hyun Kim", "category": "1"}, {"name": "Bing Li", "category": "1"}, {"name": "Hai Li", "category": "2"}, {"name": "Partha Pratim Pande", "category": "4", "symbolSize": 55}, {"name": "Priyanka Ghosh", "category": "2"}, {"name": "Ananth Kalyanaraman", "category": "4"}, {"name": "Sriram Krishnamoorthy", "category": "6"}, {"name": "Hiroki Matsutani", "category": "4"}, {"name": "Jacob Murray", "category": "1"}, {"name": "Paul Wettin", "category": "3"}, {"name": "Behrooz Shirazi", "category": "6"}, {"name": "Amlan Ganguly", "category": "5"}, {"name": "Kevin Chang", "category": "0"}, {"name": "Luca P. Carloni", "category": "2"}, {"name": "Yuan Xie", "category": "6"}, {"name": "C. Grecu", "category": "6"}, {"name": "A. Ivanov", "category": "4"}, {"name": "Axel Jantsch", "category": "6"}, {"name": "Erno Salminen", "category": "0"}, {"name": "Umit Y. Ogras", "category": "0"}, {"name": "Karthi Duraisamy", "category": "6"}, {"name": "Hao Lu", "category": "2"}, {"name": "Turbo Majumder", "category": "5"}, {"name": "Xian Li", "category": "5"}, {"name": "Paul Bogdan", "category": "1"}, {"name": "Xinmin Yu", "category": "3"}, {"name": "M. Jones", "category": "6"}, {"name": "R. Saleh", "category": "2"}, {"name": "Brett Stanley Feero", "category": "4"}, {"name": "Sujay Deb", "category": "3"}, {"name": "Benjamin Beizer", "category": "6"}, {"name": "Christof Teuscher", "category": "6"}, {"name": "S. Wilton", "category": "5"}, {"name": "S. Mirabbasi", "category": "1"}, {"name": "A. Hu", "category": "1"}, {"name": "M. Greenstreet", "category": "1"}, {"name": "G. Lemieux", "category": "0"}, {"name": "Suman Prasad Sah", "category": "4"}, {"name": "Miralem Cosic", "category": "4"}, {"name": "E.S. Sogomonyan", "category": "5"}, {"name": "Ramesh Karri", "category": "1", "symbolSize": 30}, {"name": "Krishnendu Chakrabarty", "category": "3", "symbolSize": 55}, {"name": "Sudipta Mondal", "category": "4"}, {"name": "Michael Richter", "category": "2"}, {"name": "Abhijit Das", "category": "2", "symbolSize": 25}, {"name": "Sarath Babu", "category": "3"}, {"name": "John Jose", "category": "5"}, {"name": "Sangeetha Jose", "category": "5"}, {"name": "Maurizio Palesi", "category": "0"}, {"name": "Sarath Babu", "category": "0", "symbolSize": 25}], "links": [{"source": "0", "target": "2", "value": 2}, {"source": "0", "target": "3", "value": 1}, {"source": "0", "target": "4", "value": 1}, {"source": "0", "target": "5", "value": 4}, {"source": "0", "target": "6", "value": 1}, {"source": "0", "target": "7", "value": 2}, {"source": "0", "target": "8", "value": 1}, {"source": "0", "target": "9", "value": 1}, {"source": "0", "target": "10", "value": 1}, {"source": "0", "target": "11", "value": 1}, {"source": "0", "target": "12", "value": 1}, {"source": "0", "target": "13", "value": 1}, {"source": "13", "target": "15", "value": 1}, {"source": "13", "target": "16", "value": 1}, {"source": "13", "target": "17", "value": 1}, {"source": "13", "target": "18", "value": 1}, {"source": "13", "target": "19", "value": 1}, {"source": "13", "target": "20", "value": 1}, {"source": "13", "target": "21", "value": 1}, {"source": "13", "target": "22", "value": 1}, {"source": "13", "target": "23", "value": 1}, {"source": "13", "target": "24", "value": 1}, {"source": "13", "target": "25", "value": 1}, {"source": "13", "target": "26", "value": 1}, {"source": "13", "target": "27", "value": 1}, {"source": "28", "target": "36", "value": 1}, {"source": "28", "target": "37", "value": 3}, {"source": "28", "target": "54", "value": 4}, {"source": "28", "target": "91", "value": 1}, {"source": "28", "target": "92", "value": 3}, {"source": "28", "target": "35", "value": 1}, {"source": "28", "target": "36", "value": 1}, {"source": "36", "target": "28", "value": 1}, {"source": "36", "target": "37", "value": 1}, {"source": "36", "target": "54", "value": 1}, {"source": "36", "target": "91", "value": 1}, {"source": "36", "target": "92", "value": 1}, {"source": "37", "target": "28", "value": 3}, {"source": "37", "target": "36", "value": 1}, {"source": "37", "target": "54", "value": 7}, {"source": "37", "target": "91", "value": 1}, {"source": "37", "target": "92", "value": 5}, {"source": "37", "target": "39", "value": 3}, {"source": "37", "target": "40", "value": 1}, {"source": "37", "target": "41", "value": 3}, {"source": "37", "target": "42", "value": 1}, {"source": "37", "target": "43", "value": 1}, {"source": "37", "target": "44", "value": 1}, {"source": "37", "target": "45", "value": 1}, {"source": "37", "target": "46", "value": 1}, {"source": "37", "target": "47", "value": 1}, {"source": "37", "target": "48", "value": 1}, {"source": "37", "target": "49", "value": 1}, {"source": "37", "target": "50", "value": 1}, {"source": "37", "target": "51", "value": 1}, {"source": "37", "target": "52", "value": 1}, {"source": "37", "target": "53", "value": 1}, {"source": "37", "target": "54", "value": 1}, {"source": "54", "target": "28", "value": 4}, {"source": "54", "target": "36", "value": 1}, {"source": "54", "target": "37", "value": 7}, {"source": "54", "target": "91", "value": 1}, {"source": "54", "target": "92", "value": 5}, {"source": "54", "target": "39", "value": 5}, {"source": "54", "target": "56", "value": 1}, {"source": "54", "target": "57", "value": 3}, {"source": "54", "target": "58", "value": 1}, {"source": "54", "target": "35", "value": 1}, {"source": "54", "target": "36", "value": 7}, {"source": "54", "target": "40", "value": 1}, {"source": "54", "target": "41", "value": 4}, {"source": "54", "target": "42", "value": 1}, {"source": "54", "target": "43", "value": 3}, {"source": "54", "target": "59", "value": 1}, {"source": "54", "target": "60", "value": 3}, {"source": "54", "target": "61", "value": 4}, {"source": "54", "target": "62", "value": 2}, {"source": "54", "target": "63", "value": 8}, {"source": "54", "target": "64", "value": 5}, {"source": "54", "target": "65", "value": 2}, {"source": "54", "target": "66", "value": 2}, {"source": "54", "target": "67", "value": 6}, {"source": "54", "target": "68", "value": 6}, {"source": "54", "target": "69", "value": 1}, {"source": "54", "target": "70", "value": 1}, {"source": "54", "target": "71", "value": 1}, {"source": "54", "target": "72", "value": 3}, {"source": "54", "target": "73", "value": 1}, {"source": "54", "target": "48", "value": 1}, {"source": "54", "target": "49", "value": 1}, {"source": "54", "target": "50", "value": 1}, {"source": "54", "target": "51", "value": 1}, {"source": "54", "target": "52", "value": 1}, {"source": "54", "target": "53", "value": 1}, {"source": "54", "target": "54", "value": 1}, {"source": "54", "target": "74", "value": 2}, {"source": "54", "target": "75", "value": 1}, {"source": "54", "target": "76", "value": 1}, {"source": "54", "target": "77", "value": 3}, {"source": "54", "target": "78", "value": 1}, {"source": "54", "target": "79", "value": 5}, {"source": "54", "target": "80", "value": 1}, {"source": "54", "target": "81", "value": 5}, {"source": "54", "target": "82", "value": 6}, {"source": "54", "target": "83", "value": 1}, {"source": "54", "target": "84", "value": 1}, {"source": "54", "target": "85", "value": 1}, {"source": "54", "target": "86", "value": 1}, {"source": "54", "target": "87", "value": 1}, {"source": "54", "target": "88", "value": 1}, {"source": "54", "target": "89", "value": 2}, {"source": "54", "target": "90", "value": 1}, {"source": "54", "target": "91", "value": 1}, {"source": "91", "target": "28", "value": 1}, {"source": "91", "target": "36", "value": 1}, {"source": "91", "target": "37", "value": 1}, {"source": "91", "target": "54", "value": 1}, {"source": "91", "target": "92", "value": 1}, {"source": "92", "target": "28", "value": 3}, {"source": "92", "target": "36", "value": 1}, {"source": "92", "target": "37", "value": 5}, {"source": "92", "target": "54", "value": 5}, {"source": "92", "target": "91", "value": 1}, {"source": "92", "target": "94", "value": 1}, {"source": "92", "target": "39", "value": 2}, {"source": "92", "target": "48", "value": 1}, {"source": "92", "target": "49", "value": 1}, {"source": "92", "target": "53", "value": 1}, {"source": "92", "target": "54", "value": 1}, {"source": "92", "target": "95", "value": 1}, {"source": "95", "target": "100", "value": 1}, {"source": "95", "target": "98", "value": 1}, {"source": "95", "target": "99", "value": 1}, {"source": "95", "target": "100", "value": 1}, {"source": "100", "target": "95", "value": 1}, {"source": "100", "target": "98", "value": 1}, {"source": "100", "target": "99", "value": 1}, {"source": "100", "target": "100", "value": 1}, {"source": "98", "target": "95", "value": 1}, {"source": "98", "target": "100", "value": 1}, {"source": "98", "target": "99", "value": 1}, {"source": "98", "target": "100", "value": 2}, {"source": "99", "target": "95", "value": 1}, {"source": "99", "target": "100", "value": 1}, {"source": "99", "target": "98", "value": 1}, {"source": "99", "target": "100", "value": 1}, {"source": "100", "target": "95", "value": 1}, {"source": "100", "target": "100", "value": 1}, {"source": "100", "target": "98", "value": 2}, {"source": "100", "target": "99", "value": 1}, {"source": "47", "target": "46", "value": 4}, {"source": "47", "target": "37", "value": 1}, {"source": "47", "target": "41", "value": 1}, {"source": "47", "target": "44", "value": 1}, {"source": "47", "target": "45", "value": 1}, {"source": "47", "target": "10", "value": 2}, {"source": "63", "target": "61", "value": 2}, {"source": "63", "target": "64", "value": 5}, {"source": "63", "target": "54", "value": 8}, {"source": "63", "target": "60", "value": 1}, {"source": "63", "target": "62", "value": 1}, {"source": "63", "target": "81", "value": 5}, {"source": "63", "target": "82", "value": 6}, {"source": "63", "target": "83", "value": 1}, {"source": "63", "target": "36", "value": 4}, {"source": "63", "target": "77", "value": 2}, {"source": "63", "target": "89", "value": 2}, {"source": "63", "target": "90", "value": 1}, {"source": "46", "target": "47", "value": 4}, {"source": "46", "target": "37", "value": 1}, {"source": "46", "target": "41", "value": 1}, {"source": "46", "target": "44", "value": 1}, {"source": "46", "target": "45", "value": 1}, {"source": "65", "target": "54", "value": 2}, {"source": "65", "target": "66", "value": 2}, {"source": "69", "target": "67", "value": 1}, {"source": "69", "target": "68", "value": 1}, {"source": "69", "target": "54", "value": 1}, {"source": "69", "target": "70", "value": 1}, {"source": "69", "target": "71", "value": 1}, {"source": "69", "target": "43", "value": 1}, {"source": "39", "target": "56", "value": 1}, {"source": "39", "target": "54", "value": 5}, {"source": "39", "target": "57", "value": 1}, {"source": "39", "target": "58", "value": 1}, {"source": "39", "target": "40", "value": 1}, {"source": "39", "target": "41", "value": 1}, {"source": "39", "target": "37", "value": 3}, {"source": "39", "target": "42", "value": 1}, {"source": "39", "target": "43", "value": 1}, {"source": "39", "target": "48", "value": 1}, {"source": "39", "target": "49", "value": 1}, {"source": "39", "target": "92", "value": 2}, {"source": "39", "target": "53", "value": 1}, {"source": "39", "target": "54", "value": 1}, {"source": "39", "target": "72", "value": 1}, {"source": "56", "target": "39", "value": 1}, {"source": "56", "target": "54", "value": 1}, {"source": "56", "target": "57", "value": 1}, {"source": "56", "target": "58", "value": 1}, {"source": "57", "target": "39", "value": 1}, {"source": "57", "target": "56", "value": 1}, {"source": "57", "target": "54", "value": 3}, {"source": "57", "target": "58", "value": 1}, {"source": "57", "target": "72", "value": 1}, {"source": "57", "target": "73", "value": 1}, {"source": "57", "target": "74", "value": 1}, {"source": "58", "target": "39", "value": 1}, {"source": "58", "target": "56", "value": 1}, {"source": "58", "target": "54", "value": 1}, {"source": "58", "target": "57", "value": 1}, {"source": "71", "target": "76", "value": 2}, {"source": "71", "target": "43", "value": 20}, {"source": "71", "target": "8", "value": 1}, {"source": "71", "target": "10", "value": 1}, {"source": "71", "target": "67", "value": 1}, {"source": "71", "target": "68", "value": 1}, {"source": "71", "target": "54", "value": 1}, {"source": "71", "target": "69", "value": 1}, {"source": "71", "target": "70", "value": 1}, {"source": "71", "target": "42", "value": 5}, {"source": "35", "target": "28", "value": 1}, {"source": "35", "target": "36", "value": 1}, {"source": "35", "target": "54", "value": 1}, {"source": "36", "target": "35", "value": 1}, {"source": "36", "target": "28", "value": 1}, {"source": "36", "target": "54", "value": 7}, {"source": "36", "target": "43", "value": 1}, {"source": "36", "target": "59", "value": 1}, {"source": "36", "target": "61", "value": 1}, {"source": "36", "target": "60", "value": 1}, {"source": "36", "target": "41", "value": 1}, {"source": "36", "target": "77", "value": 3}, {"source": "36", "target": "81", "value": 4}, {"source": "36", "target": "63", "value": 4}, {"source": "36", "target": "82", "value": 4}, {"source": "36", "target": "64", "value": 3}, {"source": "36", "target": "89", "value": 2}, {"source": "36", "target": "90", "value": 1}, {"source": "76", "target": "74", "value": 2}, {"source": "76", "target": "43", "value": 8}, {"source": "76", "target": "71", "value": 2}, {"source": "76", "target": "75", "value": 1}, {"source": "76", "target": "54", "value": 1}, {"source": "76", "target": "59", "value": 1}, {"source": "40", "target": "39", "value": 1}, {"source": "40", "target": "41", "value": 1}, {"source": "40", "target": "37", "value": 1}, {"source": "40", "target": "54", "value": 1}, {"source": "40", "target": "42", "value": 1}, {"source": "40", "target": "43", "value": 1}, {"source": "41", "target": "39", "value": 1}, {"source": "41", "target": "40", "value": 1}, {"source": "41", "target": "37", "value": 3}, {"source": "41", "target": "54", "value": 4}, {"source": "41", "target": "42", "value": 1}, {"source": "41", "target": "43", "value": 1}, {"source": "41", "target": "44", "value": 1}, {"source": "41", "target": "45", "value": 1}, {"source": "41", "target": "46", "value": 1}, {"source": "41", "target": "47", "value": 1}, {"source": "41", "target": "60", "value": 2}, {"source": "41", "target": "61", "value": 2}, {"source": "41", "target": "62", "value": 1}, {"source": "41", "target": "50", "value": 1}, {"source": "41", "target": "51", "value": 1}, {"source": "41", "target": "52", "value": 1}, {"source": "41", "target": "77", "value": 1}, {"source": "41", "target": "36", "value": 1}, {"source": "42", "target": "39", "value": 1}, {"source": "42", "target": "40", "value": 1}, {"source": "42", "target": "41", "value": 1}, {"source": "42", "target": "37", "value": 1}, {"source": "42", "target": "54", "value": 1}, {"source": "42", "target": "43", "value": 6}, {"source": "42", "target": "71", "value": 5}, {"source": "43", "target": "39", "value": 1}, {"source": "43", "target": "40", "value": 1}, {"source": "43", "target": "41", "value": 1}, {"source": "43", "target": "37", "value": 1}, {"source": "43", "target": "54", "value": 3}, {"source": "43", "target": "42", "value": 6}, {"source": "43", "target": "36", "value": 1}, {"source": "43", "target": "59", "value": 2}, {"source": "43", "target": "76", "value": 8}, {"source": "43", "target": "71", "value": 20}, {"source": "43", "target": "67", "value": 1}, {"source": "43", "target": "68", "value": 1}, {"source": "43", "target": "69", "value": 1}, {"source": "43", "target": "70", "value": 1}, {"source": "44", "target": "37", "value": 1}, {"source": "44", "target": "41", "value": 1}, {"source": "44", "target": "45", "value": 1}, {"source": "44", "target": "46", "value": 1}, {"source": "44", "target": "47", "value": 1}, {"source": "45", "target": "37", "value": 1}, {"source": "45", "target": "41", "value": 1}, {"source": "45", "target": "44", "value": 1}, {"source": "45", "target": "46", "value": 1}, {"source": "45", "target": "47", "value": 1}, {"source": "74", "target": "76", "value": 2}, {"source": "74", "target": "54", "value": 2}, {"source": "74", "target": "57", "value": 1}, {"source": "74", "target": "75", "value": 1}, {"source": "10", "target": "8", "value": 2}, {"source": "10", "target": "71", "value": 1}, {"source": "10", "target": "2", "value": 1}, {"source": "10", "target": "9", "value": 1}, {"source": "10", "target": "5", "value": 1}, {"source": "10", "target": "0", "value": 1}, {"source": "10", "target": "47", "value": 2}, {"source": "81", "target": "63", "value": 5}, {"source": "81", "target": "64", "value": 4}, {"source": "81", "target": "54", "value": 5}, {"source": "81", "target": "82", "value": 5}, {"source": "81", "target": "83", "value": 1}, {"source": "81", "target": "36", "value": 4}, {"source": "81", "target": "77", "value": 2}, {"source": "81", "target": "89", "value": 2}, {"source": "81", "target": "90", "value": 1}, {"source": "59", "target": "43", "value": 2}, {"source": "59", "target": "54", "value": 1}, {"source": "59", "target": "36", "value": 1}, {"source": "59", "target": "76", "value": 1}, {"source": "60", "target": "41", "value": 2}, {"source": "60", "target": "61", "value": 3}, {"source": "60", "target": "54", "value": 3}, {"source": "60", "target": "62", "value": 2}, {"source": "60", "target": "77", "value": 1}, {"source": "60", "target": "36", "value": 1}, {"source": "60", "target": "63", "value": 1}, {"source": "61", "target": "41", "value": 2}, {"source": "61", "target": "60", "value": 3}, {"source": "61", "target": "54", "value": 4}, {"source": "61", "target": "62", "value": 2}, {"source": "61", "target": "63", "value": 2}, {"source": "61", "target": "64", "value": 1}, {"source": "61", "target": "77", "value": 1}, {"source": "61", "target": "36", "value": 1}, {"source": "62", "target": "41", "value": 1}, {"source": "62", "target": "60", "value": 2}, {"source": "62", "target": "61", "value": 2}, {"source": "62", "target": "54", "value": 2}, {"source": "62", "target": "63", "value": 1}, {"source": "2", "target": "3", "value": 1}, {"source": "2", "target": "4", "value": 1}, {"source": "2", "target": "5", "value": 2}, {"source": "2", "target": "0", "value": 2}, {"source": "2", "target": "9", "value": 1}, {"source": "2", "target": "10", "value": 1}, {"source": "3", "target": "2", "value": 1}, {"source": "3", "target": "4", "value": 1}, {"source": "3", "target": "5", "value": 1}, {"source": "3", "target": "0", "value": 1}, {"source": "4", "target": "2", "value": 1}, {"source": "4", "target": "3", "value": 1}, {"source": "4", "target": "5", "value": 1}, {"source": "4", "target": "0", "value": 1}, {"source": "5", "target": "2", "value": 2}, {"source": "5", "target": "3", "value": 1}, {"source": "5", "target": "4", "value": 1}, {"source": "5", "target": "0", "value": 4}, {"source": "5", "target": "9", "value": 1}, {"source": "5", "target": "10", "value": 1}, {"source": "5", "target": "7", "value": 1}, {"source": "5", "target": "11", "value": 1}, {"source": "5", "target": "12", "value": 1}, {"source": "5", "target": "13", "value": 1}, {"source": "64", "target": "63", "value": 5}, {"source": "64", "target": "61", "value": 1}, {"source": "64", "target": "54", "value": 5}, {"source": "64", "target": "81", "value": 4}, {"source": "64", "target": "82", "value": 4}, {"source": "64", "target": "83", "value": 1}, {"source": "64", "target": "77", "value": 2}, {"source": "64", "target": "89", "value": 2}, {"source": "64", "target": "90", "value": 1}, {"source": "64", "target": "36", "value": 3}, {"source": "8", "target": "10", "value": 2}, {"source": "8", "target": "71", "value": 1}, {"source": "8", "target": "6", "value": 1}, {"source": "8", "target": "7", "value": 1}, {"source": "8", "target": "0", "value": 1}, {"source": "83", "target": "67", "value": 1}, {"source": "83", "target": "63", "value": 1}, {"source": "83", "target": "64", "value": 1}, {"source": "83", "target": "81", "value": 1}, {"source": "83", "target": "54", "value": 1}, {"source": "83", "target": "82", "value": 1}, {"source": "67", "target": "83", "value": 1}, {"source": "67", "target": "68", "value": 6}, {"source": "67", "target": "54", "value": 6}, {"source": "67", "target": "69", "value": 1}, {"source": "67", "target": "70", "value": 1}, {"source": "67", "target": "71", "value": 1}, {"source": "67", "target": "43", "value": 1}, {"source": "67", "target": "78", "value": 1}, {"source": "67", "target": "79", "value": 5}, {"source": "67", "target": "84", "value": 1}, {"source": "67", "target": "85", "value": 1}, {"source": "67", "target": "86", "value": 1}, {"source": "67", "target": "87", "value": 1}, {"source": "67", "target": "88", "value": 1}, {"source": "67", "target": "91", "value": 1}, {"source": "87", "target": "88", "value": 2}, {"source": "87", "target": "79", "value": 1}, {"source": "87", "target": "84", "value": 1}, {"source": "87", "target": "85", "value": 1}, {"source": "87", "target": "86", "value": 1}, {"source": "87", "target": "54", "value": 1}, {"source": "87", "target": "67", "value": 1}, {"source": "87", "target": "68", "value": 1}, {"source": "88", "target": "87", "value": 2}, {"source": "88", "target": "79", "value": 1}, {"source": "88", "target": "84", "value": 1}, {"source": "88", "target": "85", "value": 1}, {"source": "88", "target": "86", "value": 1}, {"source": "88", "target": "54", "value": 1}, {"source": "88", "target": "67", "value": 1}, {"source": "88", "target": "68", "value": 1}, {"source": "6", "target": "7", "value": 1}, {"source": "6", "target": "8", "value": 1}, {"source": "6", "target": "0", "value": 1}, {"source": "7", "target": "6", "value": 1}, {"source": "7", "target": "8", "value": 1}, {"source": "7", "target": "0", "value": 2}, {"source": "7", "target": "5", "value": 1}, {"source": "66", "target": "65", "value": 2}, {"source": "66", "target": "54", "value": 2}, {"source": "68", "target": "67", "value": 6}, {"source": "68", "target": "54", "value": 6}, {"source": "68", "target": "69", "value": 1}, {"source": "68", "target": "70", "value": 1}, {"source": "68", "target": "71", "value": 1}, {"source": "68", "target": "43", "value": 1}, {"source": "68", "target": "78", "value": 1}, {"source": "68", "target": "79", "value": 5}, {"source": "68", "target": "84", "value": 1}, {"source": "68", "target": "85", "value": 1}, {"source": "68", "target": "86", "value": 1}, {"source": "68", "target": "87", "value": 1}, {"source": "68", "target": "88", "value": 1}, {"source": "68", "target": "91", "value": 1}, {"source": "70", "target": "67", "value": 1}, {"source": "70", "target": "68", "value": 1}, {"source": "70", "target": "54", "value": 1}, {"source": "70", "target": "69", "value": 1}, {"source": "70", "target": "71", "value": 1}, {"source": "70", "target": "43", "value": 1}, {"source": "9", "target": "2", "value": 1}, {"source": "9", "target": "10", "value": 1}, {"source": "9", "target": "5", "value": 1}, {"source": "9", "target": "0", "value": 1}, {"source": "72", "target": "73", "value": 1}, {"source": "72", "target": "54", "value": 3}, {"source": "72", "target": "57", "value": 1}, {"source": "72", "target": "39", "value": 1}, {"source": "73", "target": "72", "value": 1}, {"source": "73", "target": "54", "value": 1}, {"source": "73", "target": "57", "value": 1}, {"source": "53", "target": "39", "value": 1}, {"source": "53", "target": "37", "value": 1}, {"source": "53", "target": "54", "value": 1}, {"source": "53", "target": "54", "value": 1}, {"source": "53", "target": "92", "value": 1}, {"source": "54", "target": "39", "value": 1}, {"source": "54", "target": "53", "value": 1}, {"source": "54", "target": "37", "value": 1}, {"source": "54", "target": "54", "value": 1}, {"source": "54", "target": "92", "value": 1}, {"source": "94", "target": "92", "value": 1}, {"source": "48", "target": "39", "value": 1}, {"source": "48", "target": "37", "value": 1}, {"source": "48", "target": "49", "value": 1}, {"source": "48", "target": "54", "value": 1}, {"source": "48", "target": "92", "value": 1}, {"source": "49", "target": "39", "value": 1}, {"source": "49", "target": "48", "value": 1}, {"source": "49", "target": "37", "value": 1}, {"source": "49", "target": "54", "value": 1}, {"source": "49", "target": "92", "value": 1}, {"source": "50", "target": "51", "value": 1}, {"source": "50", "target": "41", "value": 1}, {"source": "50", "target": "52", "value": 1}, {"source": "50", "target": "37", "value": 1}, {"source": "50", "target": "54", "value": 1}, {"source": "51", "target": "50", "value": 1}, {"source": "51", "target": "41", "value": 1}, {"source": "51", "target": "52", "value": 1}, {"source": "51", "target": "37", "value": 1}, {"source": "51", "target": "54", "value": 1}, {"source": "52", "target": "50", "value": 1}, {"source": "52", "target": "51", "value": 1}, {"source": "52", "target": "41", "value": 1}, {"source": "52", "target": "37", "value": 1}, {"source": "52", "target": "54", "value": 1}, {"source": "75", "target": "74", "value": 1}, {"source": "75", "target": "76", "value": 1}, {"source": "75", "target": "54", "value": 1}, {"source": "15", "target": "13", "value": 1}, {"source": "15", "target": "16", "value": 1}, {"source": "15", "target": "17", "value": 1}, {"source": "16", "target": "13", "value": 1}, {"source": "16", "target": "15", "value": 1}, {"source": "16", "target": "17", "value": 1}, {"source": "17", "target": "13", "value": 1}, {"source": "17", "target": "15", "value": 1}, {"source": "17", "target": "16", "value": 1}, {"source": "77", "target": "61", "value": 1}, {"source": "77", "target": "60", "value": 1}, {"source": "77", "target": "41", "value": 1}, {"source": "77", "target": "54", "value": 3}, {"source": "77", "target": "36", "value": 3}, {"source": "77", "target": "81", "value": 2}, {"source": "77", "target": "64", "value": 2}, {"source": "77", "target": "89", "value": 2}, {"source": "77", "target": "90", "value": 1}, {"source": "77", "target": "63", "value": 2}, {"source": "77", "target": "82", "value": 2}, {"source": "95", "target": "92", "value": 1}, {"source": "22", "target": "13", "value": 1}, {"source": "22", "target": "18", "value": 1}, {"source": "22", "target": "19", "value": 1}, {"source": "22", "target": "20", "value": 1}, {"source": "22", "target": "21", "value": 1}, {"source": "22", "target": "23", "value": 1}, {"source": "22", "target": "24", "value": 1}, {"source": "22", "target": "25", "value": 1}, {"source": "22", "target": "26", "value": 1}, {"source": "22", "target": "27", "value": 1}, {"source": "11", "target": "12", "value": 1}, {"source": "11", "target": "13", "value": 1}, {"source": "11", "target": "5", "value": 1}, {"source": "11", "target": "0", "value": 1}, {"source": "12", "target": "11", "value": 1}, {"source": "12", "target": "13", "value": 1}, {"source": "12", "target": "5", "value": 1}, {"source": "12", "target": "0", "value": 1}, {"source": "13", "target": "11", "value": 1}, {"source": "13", "target": "12", "value": 1}, {"source": "13", "target": "5", "value": 1}, {"source": "13", "target": "0", "value": 1}, {"source": "78", "target": "54", "value": 1}, {"source": "78", "target": "67", "value": 1}, {"source": "78", "target": "68", "value": 1}, {"source": "78", "target": "79", "value": 1}, {"source": "79", "target": "54", "value": 5}, {"source": "79", "target": "67", "value": 5}, {"source": "79", "target": "78", "value": 1}, {"source": "79", "target": "68", "value": 5}, {"source": "79", "target": "84", "value": 1}, {"source": "79", "target": "85", "value": 1}, {"source": "79", "target": "86", "value": 1}, {"source": "79", "target": "87", "value": 1}, {"source": "79", "target": "88", "value": 1}, {"source": "79", "target": "91", "value": 1}, {"source": "80", "target": "54", "value": 1}, {"source": "82", "target": "63", "value": 6}, {"source": "82", "target": "64", "value": 4}, {"source": "82", "target": "81", "value": 5}, {"source": "82", "target": "54", "value": 6}, {"source": "82", "target": "83", "value": 1}, {"source": "82", "target": "36", "value": 4}, {"source": "82", "target": "77", "value": 2}, {"source": "82", "target": "89", "value": 2}, {"source": "82", "target": "90", "value": 1}, {"source": "84", "target": "79", "value": 1}, {"source": "84", "target": "85", "value": 1}, {"source": "84", "target": "86", "value": 1}, {"source": "84", "target": "87", "value": 1}, {"source": "84", "target": "88", "value": 1}, {"source": "84", "target": "54", "value": 1}, {"source": "84", "target": "67", "value": 1}, {"source": "84", "target": "68", "value": 1}, {"source": "85", "target": "79", "value": 1}, {"source": "85", "target": "84", "value": 1}, {"source": "85", "target": "86", "value": 1}, {"source": "85", "target": "87", "value": 1}, {"source": "85", "target": "88", "value": 1}, {"source": "85", "target": "54", "value": 1}, {"source": "85", "target": "67", "value": 1}, {"source": "85", "target": "68", "value": 1}, {"source": "86", "target": "79", "value": 1}, {"source": "86", "target": "84", "value": 1}, {"source": "86", "target": "85", "value": 1}, {"source": "86", "target": "87", "value": 1}, {"source": "86", "target": "88", "value": 1}, {"source": "86", "target": "54", "value": 1}, {"source": "86", "target": "67", "value": 1}, {"source": "86", "target": "68", "value": 1}, {"source": "18", "target": "13", "value": 1}, {"source": "18", "target": "19", "value": 1}, {"source": "18", "target": "20", "value": 1}, {"source": "18", "target": "21", "value": 1}, {"source": "18", "target": "22", "value": 1}, {"source": "18", "target": "23", "value": 1}, {"source": "18", "target": "24", "value": 1}, {"source": "18", "target": "25", "value": 1}, {"source": "18", "target": "26", "value": 1}, {"source": "18", "target": "27", "value": 1}, {"source": "19", "target": "13", "value": 1}, {"source": "19", "target": "18", "value": 1}, {"source": "19", "target": "20", "value": 1}, {"source": "19", "target": "21", "value": 1}, {"source": "19", "target": "22", "value": 1}, {"source": "19", "target": "23", "value": 1}, {"source": "19", "target": "24", "value": 1}, {"source": "19", "target": "25", "value": 1}, {"source": "19", "target": "26", "value": 1}, {"source": "19", "target": "27", "value": 1}, {"source": "20", "target": "13", "value": 1}, {"source": "20", "target": "18", "value": 1}, {"source": "20", "target": "19", "value": 1}, {"source": "20", "target": "21", "value": 1}, {"source": "20", "target": "22", "value": 1}, {"source": "20", "target": "23", "value": 1}, {"source": "20", "target": "24", "value": 1}, {"source": "20", "target": "25", "value": 1}, {"source": "20", "target": "26", "value": 1}, {"source": "20", "target": "27", "value": 1}, {"source": "21", "target": "13", "value": 1}, {"source": "21", "target": "18", "value": 1}, {"source": "21", "target": "19", "value": 1}, {"source": "21", "target": "20", "value": 1}, {"source": "21", "target": "22", "value": 1}, {"source": "21", "target": "23", "value": 1}, {"source": "21", "target": "24", "value": 1}, {"source": "21", "target": "25", "value": 1}, {"source": "21", "target": "26", "value": 1}, {"source": "21", "target": "27", "value": 1}, {"source": "23", "target": "13", "value": 1}, {"source": "23", "target": "18", "value": 1}, {"source": "23", "target": "19", "value": 1}, {"source": "23", "target": "20", "value": 1}, {"source": "23", "target": "21", "value": 1}, {"source": "23", "target": "22", "value": 1}, {"source": "23", "target": "24", "value": 1}, {"source": "23", "target": "25", "value": 1}, {"source": "23", "target": "26", "value": 1}, {"source": "23", "target": "27", "value": 1}, {"source": "24", "target": "13", "value": 1}, {"source": "24", "target": "18", "value": 1}, {"source": "24", "target": "19", "value": 1}, {"source": "24", "target": "20", "value": 1}, {"source": "24", "target": "21", "value": 1}, {"source": "24", "target": "22", "value": 1}, {"source": "24", "target": "23", "value": 1}, {"source": "24", "target": "25", "value": 1}, {"source": "24", "target": "26", "value": 1}, {"source": "24", "target": "27", "value": 1}, {"source": "25", "target": "13", "value": 1}, {"source": "25", "target": "18", "value": 1}, {"source": "25", "target": "19", "value": 1}, {"source": "25", "target": "20", "value": 1}, {"source": "25", "target": "21", "value": 1}, {"source": "25", "target": "22", "value": 1}, {"source": "25", "target": "23", "value": 1}, {"source": "25", "target": "24", "value": 1}, {"source": "25", "target": "26", "value": 1}, {"source": "25", "target": "27", "value": 1}, {"source": "26", "target": "13", "value": 1}, {"source": "26", "target": "18", "value": 1}, {"source": "26", "target": "19", "value": 1}, {"source": "26", "target": "20", "value": 1}, {"source": "26", "target": "21", "value": 1}, {"source": "26", "target": "22", "value": 1}, {"source": "26", "target": "23", "value": 1}, {"source": "26", "target": "24", "value": 1}, {"source": "26", "target": "25", "value": 1}, {"source": "26", "target": "27", "value": 1}, {"source": "27", "target": "13", "value": 1}, {"source": "27", "target": "18", "value": 1}, {"source": "27", "target": "19", "value": 1}, {"source": "27", "target": "20", "value": 1}, {"source": "27", "target": "21", "value": 1}, {"source": "27", "target": "22", "value": 1}, {"source": "27", "target": "23", "value": 1}, {"source": "27", "target": "24", "value": 1}, {"source": "27", "target": "25", "value": 1}, {"source": "27", "target": "26", "value": 1}, {"source": "89", "target": "81", "value": 2}, {"source": "89", "target": "64", "value": 2}, {"source": "89", "target": "77", "value": 2}, {"source": "89", "target": "90", "value": 1}, {"source": "89", "target": "63", "value": 2}, {"source": "89", "target": "54", "value": 2}, {"source": "89", "target": "82", "value": 2}, {"source": "89", "target": "36", "value": 2}, {"source": "90", "target": "81", "value": 1}, {"source": "90", "target": "64", "value": 1}, {"source": "90", "target": "77", "value": 1}, {"source": "90", "target": "89", "value": 1}, {"source": "90", "target": "63", "value": 1}, {"source": "90", "target": "54", "value": 1}, {"source": "90", "target": "82", "value": 1}, {"source": "90", "target": "36", "value": 1}, {"source": "91", "target": "67", "value": 1}, {"source": "91", "target": "68", "value": 1}, {"source": "91", "target": "79", "value": 1}, {"source": "91", "target": "54", "value": 1}]}