{"data": [{"name": "Approximate Networks on Chip", "category": "4"}, {"name": "Co-Design and Abstraction of a Network-on-Chip Using Deterministic Network Calculus", "category": "6"}, {"name": "Keynote Talk - Many-Core SoC in Nanoscale CMOS - Challenges & Opportunities", "category": "2"}, {"name": "Abetting Planned Obsolescence by Aging 3D Networks-on-Chip", "category": "3"}, {"name": "Robust TSV-based 3D NoC design to counteract electromigration and crosstalk noise.", "category": "3"}, {"name": "Exploring serial vertical interconnects for 3D ICs.", "category": "3"}, {"name": "Critical Packet Prioritisation by Slack-Aware Re-Routing in On-Chip Networks", "category": "4"}, {"name": "Application-aware prioritization mechanisms for on-chip networks.", "category": "0"}, {"name": "A detailed and flexible cycle-accurate Network-on-Chip simulator.", "category": "1"}, {"name": "ORION 2.0 - A fast and accurate NoC power and area model for early-stage design space exploration.", "category": "4"}, {"name": "Data Criticality in Network-On-Chip Design", "category": "3"}, {"name": "Globally-Synchronized Frames for Guaranteed Quality-of-Service in On-Chip Networks.", "category": "1"}, {"name": "The Power of Priority - NoC Based Distributed Cache Coherency", "category": "4"}, {"name": "FreewayNoC - A DDR NoC with Pipeline Bypassing", "category": "6"}, {"name": "SCORPIO - A 36-core research chip demonstrating snoopy coherence on a scalable mesh NoC with in-network ordering.", "category": "2"}, {"name": "Throughput-Effective On-Chip Networks for Manycore Accelerators.", "category": "2"}, {"name": "Express Cube Topologies for on-Chip Interconnects.", "category": "1"}, {"name": "A low latency router supporting adaptivity for on-chip interconnects.", "category": "1"}, {"name": "VIX - Virtual Input Crossbar for Efficient Switch Allocation.", "category": "0"}, {"name": "Approaching Ideal NoC Latency with Pre-Configured Routes", "category": "0"}, {"name": "A Delay Model and Speculative Architecture for Pipelined Routers.", "category": "5"}, {"name": "A 5-GHz Mesh Interconnect for a Teraflops Processor.", "category": "1"}, {"name": "SynFull - Synthetic traffic models capturing cache coherent behaviour.", "category": "4"}, {"name": "Securing NoCs Against Timing Attacks with Non-Interference Based Adaptive Routing", "category": "5"}, {"name": "Networks on Chips - A New SoC Paradigm.", "category": "5"}, {"name": "Preemptive virtual clock - a flexible, efficient, and cost-effective QOS scheme for networks-on-chip.", "category": "0"}, {"name": "Highway in TDM NoCs", "category": "3"}, {"name": "Efficient Timing Channel Protection for On-Chip Networks", "category": "6"}, {"name": "SurfNoC - a low latency and provably non-interfering approach to secure networks-on-chip.", "category": "6"}, {"name": "Approximate Arithmetic Circuits and Their Applications", "category": "2"}, {"name": "BINDU - deadlock-freedom with one bubble in the network", "category": "3"}, {"name": "Reconfigurable Network-on-Chip for 3D Neural Network Accelerators", "category": "5"}, {"name": "SpiNNaker - A 1-W 18-Core System-on-Chip for Massively-Parallel Neural Network Simulation.", "category": "0"}, {"name": "Network-on-Chip Architectures for Neural Networks", "category": "1"}, {"name": "Rethinking NoCs for Spatial Neural Network Accelerators", "category": "6"}, {"name": "MAERI - Enabling Flexible Dataflow Mapping over DNN Accelerators via Reconfigurable Interconnects.", "category": "1"}, {"name": "Application-Aware Topology Reconfiguration for On-Chip Networks.", "category": "5"}, {"name": "3D NoCs with active interposer for multi-die systems", "category": "4"}, {"name": "Global and semi-global communication on Si-IF", "category": "0"}, {"name": "Detection and prevention protocol for black hole attack in network-on-chip", "category": "4"}, {"name": "Challenges and Opportunities for Edge Cloud Architectures", "category": "0"}, {"name": "Keynote Talk - NoCs - A Short History of Success and a Long Future", "category": "6"}, {"name": "UBERNoC - unified buffer power-efficient router for network-on-chip", "category": "0"}, {"name": "Securing Photonic NoC Architectures from Hardware Trojans", "category": "5"}, {"name": "Improving the Reliability and Energy-Efficiency of High-Bandwidth Photonic NoC Architectures with Multilevel Signaling", "category": "6"}, {"name": "Firefly - illuminating future network-on-chip with nanophotonics.", "category": "0"}, {"name": "FlexiShare - Channel sharing for an energy-efficient nanophotonic crossbar.", "category": "4"}, {"name": "Fort-NoCs - Mitigating the Threat of a Compromised NoC.", "category": "0"}, {"name": "PICO - mitigating heterodyne crosstalk due to process variations and intermodulation effects in photonic NoCs.", "category": "1"}, {"name": "DSENT - A Tool Connecting Emerging Photonics with Electronics for Opto-Electronic Networks-on-Chip Modeling", "category": "3"}, {"name": "Power efficient photonic network-on-chip for a scalable GPU", "category": "4"}, {"name": "Brownian Bubble Router - Enabling Deadlock Freedom via Guaranteed Forward Progress", "category": "5"}, {"name": "ARIADNE - Agnostic Reconfiguration in a Disconnected Network Environment.", "category": "1"}, {"name": "Brisk and limited-impact NoC routing reconfiguration.", "category": "6"}, {"name": "Energy-efficient interconnect via Router Parking.", "category": "6"}, {"name": "Static Bubble - A Framework for Deadlock-Free Irregular On-chip Topologies.", "category": "2"}, {"name": "Synchronized Progress in Interconnection Networks (SPIN) - A New Theory for Deadlock Freedom.", "category": "0"}, {"name": "User Cooperation Network Coding Approach for NoC Performance Improvement", "category": "1"}, {"name": "Power-Aware NoCs through Routing and Topology Reconfiguration.", "category": "2"}, {"name": "A case for bufferless routing in on-chip networks.", "category": "4"}, {"name": "CHIPPER - A low-complexity bufferless deflection router.", "category": "4"}, {"name": "Rotary router - an efficient architecture for CMP interconnection networks.", "category": "4"}, {"name": "DyAD - smart routing for networks-on-chip.", "category": "0"}, {"name": "GARNET - A detailed on-chip network model inside a full-system simulator.", "category": "5"}, {"name": "Achieving Lightweight Multicast in Asynchronous NoCs Using a Continuous-Time Multi-Way Read Buffer", "category": "2"}, {"name": "Outstanding Research Problems in NoC Design - System, Microarchitecture, and Circuit Perspectives.", "category": "1"}, {"name": "A Lightweight Fault-Tolerant Mechanism for Network-on-Chip", "category": "4"}, {"name": "The aethereal network on chip after ten years - goals, evolution, lessons, and future.", "category": "1"}, {"name": "Virtual Circuit Tree Multicasting - A Case for On-Chip Hardware Multicast Support.", "category": "5"}, {"name": "Single-cycle collective communication over a shared network fabric", "category": "4"}, {"name": "Enhancing performance of network-on-chip architectures with millimeter-wave wireless interconnects.", "category": "4"}, {"name": "Hybrid wire-surface wave architecture for one-to-many communication in networks-on-chip.", "category": "2"}, {"name": "Applying CDMA Technique to Network-on-Chip.", "category": "6"}, {"name": "A fully-asynchronous low-power framework for GALS NoC integration.", "category": "2"}, {"name": "A transition-signaling bundled data NoC switch architecture for cost-effective GALS multicore systems.", "category": "3"}, {"name": "An asynchronous NoC router in a 14nm FinFET library - Comparison to an industrial synchronous counterpart.", "category": "3"}, {"name": "Recursive partitioning multicast - A bandwidth-efficient routing for Networks-on-Chip", "category": "3"}, {"name": "Achieving lightweight multicast in asynchronous networks-on-chip using local speculation.", "category": "5"}, {"name": "APEC - improved acknowledgement prioritization through erasure coding in bufferless NoCs", "category": "6"}, {"name": "Testing WiNoC-Enabled Multicore Chips with BIST for Wireless Interconnects", "category": "2"}, {"name": "Test pin count reduction for NoC-based Test delivery in multicore SOCs.", "category": "3"}, {"name": "Performance evaluation and design trade-offs for wireless network-on-chip architectures.", "category": "6"}, {"name": "Wireless NoC as Interconnection Backbone for Multicore Chips - Promises and Challenges.", "category": "0"}, {"name": "BIST for Network-on-Chip Interconnect Infrastructures.", "category": "2"}, {"name": "Using the inter- and intra-switch regularity in NoC switch testing.", "category": "0"}, {"name": "Design of an Energy-Efficient CMOS-Compatible NoC Architecture with Millimeter-Wave Wireless Interconnects.", "category": "1"}, {"name": "Accurate Congestion Control for RDMA Transfers", "category": "1"}, {"name": "A New Scalable and Cost-Effective Congestion Management Strategy for Lossless Multistage Interconnection Networks.", "category": "1"}, {"name": "HOPE - Hotspot congestion control for Clos network on chip", "category": "2"}, {"name": "Distributed and Dynamic Shared-Buffer Router for High-Performance Interconnect", "category": "0"}, {"name": "Synchoricity and NOCs could make Billion Gate Custom Hardware Centric SOCs Affordable", "category": "5"}, {"name": "Route Packets, Not Wires - On-Chip Interconnection Networks.", "category": "6"}, {"name": "Towards Energy-Efficient High-Throughput Photonic NoCs for 2.5D Integrated Systems - A Case for AWGRs", "category": "6"}, {"name": "Photonic Network-on-Chip Design.", "category": "6"}, {"name": "Contrasting wavelength-routed optical NoC topologies for power-efficient 3D-stacked multicore processors using physical-layer analysis.", "category": "6"}, {"name": "QuT - A low-power optical Network-on-Chip", "category": "3"}, {"name": "Design and Evaluation of AWGR-Based Photonic NoC Architectures for 2.5D Integrated High Performance Computing Systems.", "category": "5"}, {"name": "Technology assessment of silicon interposers for manycore SoCs - Active, passive, or optical?", "category": "5"}, {"name": "Catnap - energy proportional multiple network-on-chip.", "category": "3"}, {"name": "Designing Low-Power, Low-Latency Networks-on-Chip by Optimally Combining Electrical and Optical Links.", "category": "3"}, {"name": "Photonic Networks-on-Chip for Future Generations of Chip Multiprocessors.", "category": "6"}, {"name": "SLaC - Stage laser control for a flattened butterfly network.", "category": "2"}, {"name": "MOCA - an Inter/Intra-Chip Optical Network for Memory.", "category": "3"}, {"name": "Silicon-photonic network architectures for scalable, power-efficient multi-chip systems.", "category": "6"}], "links": [{"source": "4", "target": "5", "value": ""}, {"source": "7", "target": "8", "value": ""}, {"source": "7", "target": "9", "value": ""}, {"source": "7", "target": "10", "value": ""}, {"source": "7", "target": "11", "value": ""}, {"source": "7", "target": "12", "value": ""}, {"source": "8", "target": "9", "value": ""}, {"source": "8", "target": "10", "value": ""}, {"source": "8", "target": "11", "value": ""}, {"source": "8", "target": "12", "value": ""}, {"source": "9", "target": "10", "value": ""}, {"source": "9", "target": "11", "value": ""}, {"source": "9", "target": "12", "value": ""}, {"source": "10", "target": "11", "value": ""}, {"source": "10", "target": "12", "value": ""}, {"source": "11", "target": "12", "value": ""}, {"source": "14", "target": "15", "value": ""}, {"source": "14", "target": "16", "value": ""}, {"source": "14", "target": "17", "value": ""}, {"source": "14", "target": "18", "value": ""}, {"source": "14", "target": "19", "value": ""}, {"source": "14", "target": "20", "value": ""}, {"source": "14", "target": "21", "value": ""}, {"source": "14", "target": "22", "value": ""}, {"source": "15", "target": "16", "value": ""}, {"source": "15", "target": "17", "value": ""}, {"source": "15", "target": "18", "value": ""}, {"source": "15", "target": "19", "value": ""}, {"source": "15", "target": "20", "value": ""}, {"source": "15", "target": "21", "value": ""}, {"source": "15", "target": "22", "value": ""}, {"source": "16", "target": "17", "value": ""}, {"source": "16", "target": "18", "value": ""}, {"source": "16", "target": "19", "value": ""}, {"source": "16", "target": "20", "value": ""}, {"source": "16", "target": "21", "value": ""}, {"source": "16", "target": "22", "value": ""}, {"source": "17", "target": "18", "value": ""}, {"source": "17", "target": "19", "value": ""}, {"source": "17", "target": "20", "value": ""}, {"source": "17", "target": "21", "value": ""}, {"source": "17", "target": "22", "value": ""}, {"source": "18", "target": "19", "value": ""}, {"source": "18", "target": "20", "value": ""}, {"source": "18", "target": "21", "value": ""}, {"source": "18", "target": "22", "value": ""}, {"source": "19", "target": "20", "value": ""}, {"source": "19", "target": "21", "value": ""}, {"source": "19", "target": "22", "value": ""}, {"source": "20", "target": "21", "value": ""}, {"source": "20", "target": "22", "value": ""}, {"source": "21", "target": "22", "value": ""}, {"source": "24", "target": "25", "value": ""}, {"source": "24", "target": "26", "value": ""}, {"source": "24", "target": "27", "value": ""}, {"source": "24", "target": "27", "value": ""}, {"source": "24", "target": "28", "value": ""}, {"source": "24", "target": "28", "value": ""}, {"source": "25", "target": "26", "value": ""}, {"source": "25", "target": "27", "value": ""}, {"source": "25", "target": "27", "value": ""}, {"source": "25", "target": "28", "value": ""}, {"source": "25", "target": "28", "value": ""}, {"source": "26", "target": "27", "value": ""}, {"source": "26", "target": "27", "value": ""}, {"source": "26", "target": "28", "value": ""}, {"source": "26", "target": "28", "value": ""}, {"source": "27", "target": "27", "value": ""}, {"source": "27", "target": "28", "value": ""}, {"source": "27", "target": "28", "value": ""}, {"source": "27", "target": "28", "value": ""}, {"source": "27", "target": "28", "value": ""}, {"source": "28", "target": "28", "value": ""}, {"source": "32", "target": "33", "value": ""}, {"source": "32", "target": "34", "value": ""}, {"source": "32", "target": "35", "value": ""}, {"source": "32", "target": "36", "value": ""}, {"source": "33", "target": "34", "value": ""}, {"source": "33", "target": "35", "value": ""}, {"source": "33", "target": "36", "value": ""}, {"source": "34", "target": "35", "value": ""}, {"source": "34", "target": "36", "value": ""}, {"source": "35", "target": "36", "value": ""}, {"source": "44", "target": "45", "value": ""}, {"source": "44", "target": "46", "value": ""}, {"source": "44", "target": "47", "value": ""}, {"source": "44", "target": "48", "value": ""}, {"source": "44", "target": "49", "value": ""}, {"source": "45", "target": "46", "value": ""}, {"source": "45", "target": "47", "value": ""}, {"source": "45", "target": "48", "value": ""}, {"source": "45", "target": "49", "value": ""}, {"source": "46", "target": "47", "value": ""}, {"source": "46", "target": "48", "value": ""}, {"source": "46", "target": "49", "value": ""}, {"source": "47", "target": "48", "value": ""}, {"source": "47", "target": "49", "value": ""}, {"source": "48", "target": "49", "value": ""}, {"source": "52", "target": "53", "value": ""}, {"source": "52", "target": "54", "value": ""}, {"source": "52", "target": "55", "value": ""}, {"source": "52", "target": "56", "value": ""}, {"source": "52", "target": "57", "value": ""}, {"source": "52", "target": "58", "value": ""}, {"source": "52", "target": "59", "value": ""}, {"source": "52", "target": "60", "value": ""}, {"source": "52", "target": "61", "value": ""}, {"source": "52", "target": "62", "value": ""}, {"source": "52", "target": "63", "value": ""}, {"source": "53", "target": "54", "value": ""}, {"source": "53", "target": "55", "value": ""}, {"source": "53", "target": "56", "value": ""}, {"source": "53", "target": "57", "value": ""}, {"source": "53", "target": "58", "value": ""}, {"source": "53", "target": "59", "value": ""}, {"source": "53", "target": "60", "value": ""}, {"source": "53", "target": "61", "value": ""}, {"source": "53", "target": "62", "value": ""}, {"source": "53", "target": "63", "value": ""}, {"source": "54", "target": "55", "value": ""}, {"source": "54", "target": "56", "value": ""}, {"source": "54", "target": "57", "value": ""}, {"source": "54", "target": "58", "value": ""}, {"source": "54", "target": "59", "value": ""}, {"source": "54", "target": "60", "value": ""}, {"source": "54", "target": "61", "value": ""}, {"source": "54", "target": "62", "value": ""}, {"source": "54", "target": "63", "value": ""}, {"source": "55", "target": "56", "value": ""}, {"source": "55", "target": "57", "value": ""}, {"source": "55", "target": "58", "value": ""}, {"source": "55", "target": "59", "value": ""}, {"source": "55", "target": "60", "value": ""}, {"source": "55", "target": "61", "value": ""}, {"source": "55", "target": "62", "value": ""}, {"source": "55", "target": "63", "value": ""}, {"source": "56", "target": "57", "value": ""}, {"source": "56", "target": "58", "value": ""}, {"source": "56", "target": "59", "value": ""}, {"source": "56", "target": "60", "value": ""}, {"source": "56", "target": "61", "value": ""}, {"source": "56", "target": "62", "value": ""}, {"source": "56", "target": "63", "value": ""}, {"source": "57", "target": "58", "value": ""}, {"source": "57", "target": "59", "value": ""}, {"source": "57", "target": "60", "value": ""}, {"source": "57", "target": "61", "value": ""}, {"source": "57", "target": "62", "value": ""}, {"source": "57", "target": "63", "value": ""}, {"source": "58", "target": "59", "value": ""}, {"source": "58", "target": "60", "value": ""}, {"source": "58", "target": "61", "value": ""}, {"source": "58", "target": "62", "value": ""}, {"source": "58", "target": "63", "value": ""}, {"source": "59", "target": "60", "value": ""}, {"source": "59", "target": "61", "value": ""}, {"source": "59", "target": "62", "value": ""}, {"source": "59", "target": "63", "value": ""}, {"source": "60", "target": "61", "value": ""}, {"source": "60", "target": "62", "value": ""}, {"source": "60", "target": "63", "value": ""}, {"source": "61", "target": "62", "value": ""}, {"source": "61", "target": "63", "value": ""}, {"source": "62", "target": "63", "value": ""}, {"source": "65", "target": "66", "value": ""}, {"source": "65", "target": "67", "value": ""}, {"source": "65", "target": "68", "value": ""}, {"source": "65", "target": "69", "value": ""}, {"source": "65", "target": "70", "value": ""}, {"source": "65", "target": "71", "value": ""}, {"source": "65", "target": "72", "value": ""}, {"source": "65", "target": "73", "value": ""}, {"source": "65", "target": "74", "value": ""}, {"source": "65", "target": "75", "value": ""}, {"source": "65", "target": "76", "value": ""}, {"source": "65", "target": "77", "value": ""}, {"source": "65", "target": "33", "value": ""}, {"source": "66", "target": "67", "value": ""}, {"source": "66", "target": "68", "value": ""}, {"source": "66", "target": "69", "value": ""}, {"source": "66", "target": "70", "value": ""}, {"source": "66", "target": "71", "value": ""}, {"source": "66", "target": "72", "value": ""}, {"source": "66", "target": "73", "value": ""}, {"source": "66", "target": "74", "value": ""}, {"source": "66", "target": "75", "value": ""}, {"source": "66", "target": "76", "value": ""}, {"source": "66", "target": "77", "value": ""}, {"source": "66", "target": "33", "value": ""}, {"source": "67", "target": "68", "value": ""}, {"source": "67", "target": "69", "value": ""}, {"source": "67", "target": "70", "value": ""}, {"source": "67", "target": "71", "value": ""}, {"source": "67", "target": "72", "value": ""}, {"source": "67", "target": "73", "value": ""}, {"source": "67", "target": "74", "value": ""}, {"source": "67", "target": "75", "value": ""}, {"source": "67", "target": "76", "value": ""}, {"source": "67", "target": "77", "value": ""}, {"source": "67", "target": "33", "value": ""}, {"source": "68", "target": "69", "value": ""}, {"source": "68", "target": "70", "value": ""}, {"source": "68", "target": "71", "value": ""}, {"source": "68", "target": "72", "value": ""}, {"source": "68", "target": "73", "value": ""}, {"source": "68", "target": "74", "value": ""}, {"source": "68", "target": "75", "value": ""}, {"source": "68", "target": "76", "value": ""}, {"source": "68", "target": "77", "value": ""}, {"source": "68", "target": "33", "value": ""}, {"source": "69", "target": "70", "value": ""}, {"source": "69", "target": "71", "value": ""}, {"source": "69", "target": "72", "value": ""}, {"source": "69", "target": "73", "value": ""}, {"source": "69", "target": "74", "value": ""}, {"source": "69", "target": "75", "value": ""}, {"source": "69", "target": "76", "value": ""}, {"source": "69", "target": "77", "value": ""}, {"source": "69", "target": "33", "value": ""}, {"source": "70", "target": "71", "value": ""}, {"source": "70", "target": "72", "value": ""}, {"source": "70", "target": "73", "value": ""}, {"source": "70", "target": "74", "value": ""}, {"source": "70", "target": "75", "value": ""}, {"source": "70", "target": "76", "value": ""}, {"source": "70", "target": "77", "value": ""}, {"source": "70", "target": "33", "value": ""}, {"source": "71", "target": "72", "value": ""}, {"source": "71", "target": "73", "value": ""}, {"source": "71", "target": "74", "value": ""}, {"source": "71", "target": "75", "value": ""}, {"source": "71", "target": "76", "value": ""}, {"source": "71", "target": "77", "value": ""}, {"source": "71", "target": "33", "value": ""}, {"source": "72", "target": "73", "value": ""}, {"source": "72", "target": "74", "value": ""}, {"source": "72", "target": "75", "value": ""}, {"source": "72", "target": "76", "value": ""}, {"source": "72", "target": "77", "value": ""}, {"source": "72", "target": "33", "value": ""}, {"source": "73", "target": "74", "value": ""}, {"source": "73", "target": "75", "value": ""}, {"source": "73", "target": "76", "value": ""}, {"source": "73", "target": "77", "value": ""}, {"source": "73", "target": "33", "value": ""}, {"source": "74", "target": "75", "value": ""}, {"source": "74", "target": "76", "value": ""}, {"source": "74", "target": "77", "value": ""}, {"source": "74", "target": "33", "value": ""}, {"source": "75", "target": "76", "value": ""}, {"source": "75", "target": "77", "value": ""}, {"source": "75", "target": "33", "value": ""}, {"source": "76", "target": "77", "value": ""}, {"source": "76", "target": "33", "value": ""}, {"source": "77", "target": "33", "value": ""}, {"source": "24", "target": "80", "value": ""}, {"source": "24", "target": "81", "value": ""}, {"source": "24", "target": "82", "value": ""}, {"source": "24", "target": "83", "value": ""}, {"source": "24", "target": "84", "value": ""}, {"source": "24", "target": "85", "value": ""}, {"source": "80", "target": "81", "value": ""}, {"source": "80", "target": "82", "value": ""}, {"source": "80", "target": "83", "value": ""}, {"source": "80", "target": "84", "value": ""}, {"source": "80", "target": "85", "value": ""}, {"source": "81", "target": "82", "value": ""}, {"source": "81", "target": "83", "value": ""}, {"source": "81", "target": "84", "value": ""}, {"source": "81", "target": "85", "value": ""}, {"source": "82", "target": "83", "value": ""}, {"source": "82", "target": "84", "value": ""}, {"source": "82", "target": "85", "value": ""}, {"source": "83", "target": "84", "value": ""}, {"source": "83", "target": "85", "value": ""}, {"source": "84", "target": "85", "value": ""}, {"source": "87", "target": "65", "value": ""}, {"source": "87", "target": "88", "value": ""}, {"source": "65", "target": "88", "value": ""}, {"source": "91", "target": "24", "value": ""}, {"source": "93", "target": "94", "value": ""}, {"source": "93", "target": "95", "value": ""}, {"source": "93", "target": "96", "value": ""}, {"source": "93", "target": "97", "value": ""}, {"source": "93", "target": "49", "value": ""}, {"source": "93", "target": "44", "value": ""}, {"source": "93", "target": "14", "value": ""}, {"source": "93", "target": "63", "value": ""}, {"source": "93", "target": "58", "value": ""}, {"source": "93", "target": "98", "value": ""}, {"source": "93", "target": "99", "value": ""}, {"source": "93", "target": "100", "value": ""}, {"source": "93", "target": "101", "value": ""}, {"source": "93", "target": "102", "value": ""}, {"source": "93", "target": "103", "value": ""}, {"source": "94", "target": "95", "value": ""}, {"source": "94", "target": "96", "value": ""}, {"source": "94", "target": "97", "value": ""}, {"source": "94", "target": "49", "value": ""}, {"source": "94", "target": "44", "value": ""}, {"source": "94", "target": "14", "value": ""}, {"source": "94", "target": "63", "value": ""}, {"source": "94", "target": "58", "value": ""}, {"source": "94", "target": "98", "value": ""}, {"source": "94", "target": "99", "value": ""}, {"source": "94", "target": "100", "value": ""}, {"source": "94", "target": "101", "value": ""}, {"source": "94", "target": "102", "value": ""}, {"source": "94", "target": "103", "value": ""}, {"source": "95", "target": "96", "value": ""}, {"source": "95", "target": "97", "value": ""}, {"source": "95", "target": "49", "value": ""}, {"source": "95", "target": "44", "value": ""}, {"source": "95", "target": "14", "value": ""}, {"source": "95", "target": "63", "value": ""}, {"source": "95", "target": "58", "value": ""}, {"source": "95", "target": "98", "value": ""}, {"source": "95", "target": "99", "value": ""}, {"source": "95", "target": "100", "value": ""}, {"source": "95", "target": "101", "value": ""}, {"source": "95", "target": "102", "value": ""}, {"source": "95", "target": "103", "value": ""}, {"source": "96", "target": "97", "value": ""}, {"source": "96", "target": "49", "value": ""}, {"source": "96", "target": "44", "value": ""}, {"source": "96", "target": "14", "value": ""}, {"source": "96", "target": "63", "value": ""}, {"source": "96", "target": "58", "value": ""}, {"source": "96", "target": "98", "value": ""}, {"source": "96", "target": "99", "value": ""}, {"source": "96", "target": "100", "value": ""}, {"source": "96", "target": "101", "value": ""}, {"source": "96", "target": "102", "value": ""}, {"source": "96", "target": "103", "value": ""}, {"source": "97", "target": "49", "value": ""}, {"source": "97", "target": "44", "value": ""}, {"source": "97", "target": "14", "value": ""}, {"source": "97", "target": "63", "value": ""}, {"source": "97", "target": "58", "value": ""}, {"source": "97", "target": "98", "value": ""}, {"source": "97", "target": "99", "value": ""}, {"source": "97", "target": "100", "value": ""}, {"source": "97", "target": "101", "value": ""}, {"source": "97", "target": "102", "value": ""}, {"source": "97", "target": "103", "value": ""}, {"source": "49", "target": "44", "value": ""}, {"source": "49", "target": "14", "value": ""}, {"source": "49", "target": "63", "value": ""}, {"source": "49", "target": "58", "value": ""}, {"source": "49", "target": "98", "value": ""}, {"source": "49", "target": "99", "value": ""}, {"source": "49", "target": "100", "value": ""}, {"source": "49", "target": "101", "value": ""}, {"source": "49", "target": "102", "value": ""}, {"source": "49", "target": "103", "value": ""}, {"source": "44", "target": "14", "value": ""}, {"source": "44", "target": "63", "value": ""}, {"source": "44", "target": "58", "value": ""}, {"source": "44", "target": "98", "value": ""}, {"source": "44", "target": "99", "value": ""}, {"source": "44", "target": "100", "value": ""}, {"source": "44", "target": "101", "value": ""}, {"source": "44", "target": "102", "value": ""}, {"source": "44", "target": "103", "value": ""}, {"source": "14", "target": "63", "value": ""}, {"source": "14", "target": "58", "value": ""}, {"source": "14", "target": "98", "value": ""}, {"source": "14", "target": "99", "value": ""}, {"source": "14", "target": "100", "value": ""}, {"source": "14", "target": "101", "value": ""}, {"source": "14", "target": "102", "value": ""}, {"source": "14", "target": "103", "value": ""}, {"source": "63", "target": "58", "value": ""}, {"source": "63", "target": "98", "value": ""}, {"source": "63", "target": "99", "value": ""}, {"source": "63", "target": "100", "value": ""}, {"source": "63", "target": "101", "value": ""}, {"source": "63", "target": "102", "value": ""}, {"source": "63", "target": "103", "value": ""}, {"source": "58", "target": "98", "value": ""}, {"source": "58", "target": "99", "value": ""}, {"source": "58", "target": "100", "value": ""}, {"source": "58", "target": "101", "value": ""}, {"source": "58", "target": "102", "value": ""}, {"source": "58", "target": "103", "value": ""}, {"source": "98", "target": "99", "value": ""}, {"source": "98", "target": "100", "value": ""}, {"source": "98", "target": "101", "value": ""}, {"source": "98", "target": "102", "value": ""}, {"source": "98", "target": "103", "value": ""}, {"source": "99", "target": "100", "value": ""}, {"source": "99", "target": "101", "value": ""}, {"source": "99", "target": "102", "value": ""}, {"source": "99", "target": "103", "value": ""}, {"source": "100", "target": "101", "value": ""}, {"source": "100", "target": "102", "value": ""}, {"source": "100", "target": "103", "value": ""}, {"source": "101", "target": "102", "value": ""}, {"source": "101", "target": "103", "value": ""}, {"source": "102", "target": "103", "value": ""}]}