{"data": [{"name": "0", "category": "1"}, {"name": "1", "category": "1"}, {"name": "2", "category": "0"}, {"name": "3", "category": "4"}, {"name": "4", "category": "4"}, {"name": "5", "category": "1"}, {"name": "6", "category": "6"}, {"name": "7", "category": "6"}, {"name": "8", "category": "5"}, {"name": "9", "category": "5"}, {"name": "10", "category": "1"}, {"name": "11", "category": "0"}, {"name": "12", "category": "6"}, {"name": "13", "category": "2"}, {"name": "14", "category": "4"}, {"name": "15", "category": "6"}, {"name": "16", "category": "6"}, {"name": "17", "category": "5"}, {"name": "18", "category": "3"}, {"name": "19", "category": "4"}, {"name": "20", "category": "3"}, {"name": "21", "category": "0"}, {"name": "22", "category": "1"}, {"name": "23", "category": "2"}, {"name": "24", "category": "4"}, {"name": "25", "category": "5"}, {"name": "26", "category": "4"}, {"name": "27", "category": "4"}, {"name": "28", "category": "2"}, {"name": "29", "category": "2"}, {"name": "30", "category": "2"}, {"name": "31", "category": "1"}, {"name": "32", "category": "0"}, {"name": "33", "category": "0"}, {"name": "34", "category": "0"}, {"name": "35", "category": "4"}, {"name": "36", "category": "1"}, {"name": "37", "category": "6"}, {"name": "38", "category": "6"}, {"name": "39", "category": "5"}, {"name": "40", "category": "5"}, {"name": "41", "category": "3"}, {"name": "42", "category": "4"}, {"name": "43", "category": "5"}, {"name": "44", "category": "1"}, {"name": "45", "category": "5"}, {"name": "46", "category": "2"}, {"name": "47", "category": "1"}, {"name": "48", "category": "3"}, {"name": "49", "category": "2"}, {"name": "50", "category": "1"}, {"name": "51", "category": "4"}, {"name": "52", "category": "5"}, {"name": "53", "category": "3"}, {"name": "54", "category": "2"}, {"name": "55", "category": "6"}, {"name": "56", "category": "0"}, {"name": "57", "category": "3"}, {"name": "58", "category": "3"}, {"name": "59", "category": "3"}, {"name": "60", "category": "4"}, {"name": "61", "category": "0"}, {"name": "62", "category": "2"}, {"name": "63", "category": "0"}, {"name": "64", "category": "2"}, {"name": "65", "category": "2"}, {"name": "66", "category": "1"}, {"name": "67", "category": "4"}, {"name": "68", "category": "3"}, {"name": "69", "category": "6"}, {"name": "70", "category": "2"}, {"name": "71", "category": "3"}, {"name": "72", "category": "4"}, {"name": "73", "category": "0"}, {"name": "74", "category": "4"}, {"name": "75", "category": "2"}, {"name": "76", "category": "5"}, {"name": "77", "category": "6"}, {"name": "78", "category": "5"}, {"name": "79", "category": "5"}, {"name": "80", "category": "6"}, {"name": "81", "category": "1"}, {"name": "82", "category": "5"}, {"name": "83", "category": "5"}, {"name": "84", "category": "3"}, {"name": "85", "category": "4"}, {"name": "86", "category": "0"}, {"name": "87", "category": "1"}, {"name": "88", "category": "5"}, {"name": "89", "category": "3"}, {"name": "90", "category": "2"}, {"name": "91", "category": "1"}, {"name": "92", "category": "5"}, {"name": "93", "category": "4"}, {"name": "94", "category": "3"}, {"name": "95", "category": "2"}, {"name": "96", "category": "1"}, {"name": "97", "category": "3"}, {"name": "98", "category": "6"}, {"name": "99", "category": "1"}, {"name": "100", "category": "2"}, {"name": "101", "category": "4"}, {"name": "102", "category": "4"}, {"name": "103", "category": "2"}, {"name": "104", "category": "0"}, {"name": "105", "category": "2"}, {"name": "106", "category": "2"}, {"name": "107", "category": "6"}, {"name": "108", "category": "5"}, {"name": "109", "category": "1"}, {"name": "110", "category": "4"}, {"name": "111", "category": "3"}, {"name": "112", "category": "4"}, {"name": "113", "category": "6"}, {"name": "114", "category": "0"}, {"name": "115", "category": "0"}, {"name": "116", "category": "3"}, {"name": "117", "category": "3"}, {"name": "118", "category": "2"}, {"name": "119", "category": "5"}, {"name": "120", "category": "0"}, {"name": "121", "category": "4"}, {"name": "122", "category": "3"}, {"name": "123", "category": "1"}, {"name": "124", "category": "2"}, {"name": "125", "category": "2"}, {"name": "126", "category": "5"}, {"name": "127", "category": "5"}, {"name": "128", "category": "3"}, {"name": "129", "category": "2"}, {"name": "130", "category": "2"}, {"name": "131", "category": "3"}, {"name": "132", "category": "2"}, {"name": "133", "category": "3"}, {"name": "134", "category": "5"}, {"name": "135", "category": "5"}, {"name": "136", "category": "2"}, {"name": "137", "category": "1"}, {"name": "138", "category": "1"}, {"name": "139", "category": "1"}, {"name": "140", "category": "6"}, {"name": "141", "category": "2"}, {"name": "142", "category": "5"}, {"name": "143", "category": "1"}, {"name": "144", "category": "4"}, {"name": "145", "category": "1"}, {"name": "146", "category": "4"}, {"name": "147", "category": "2"}, {"name": "148", "category": "6"}, {"name": "149", "category": "5"}, {"name": "150", "category": "2"}, {"name": "151", "category": "4"}, {"name": "152", "category": "2"}, {"name": "153", "category": "4"}, {"name": "154", "category": "5"}, {"name": "155", "category": "5"}, {"name": "156", "category": "6"}, {"name": "157", "category": "6"}, {"name": "158", "category": "3"}, {"name": "159", "category": "6"}, {"name": "160", "category": "1"}, {"name": "161", "category": "4"}, {"name": "162", "category": "2"}, {"name": "163", "category": "2"}, {"name": "164", "category": "2"}, {"name": "165", "category": "2"}, {"name": "166", "category": "6"}, {"name": "167", "category": "0"}, {"name": "168", "category": "1"}, {"name": "169", "category": "1"}, {"name": "170", "category": "5"}, {"name": "171", "category": "1"}, {"name": "172", "category": "1"}, {"name": "173", "category": "4"}, {"name": "174", "category": "2"}, {"name": "175", "category": "4"}, {"name": "176", "category": "6"}, {"name": "177", "category": "3"}, {"name": "178", "category": "4"}, {"name": "179", "category": "5"}, {"name": "180", "category": "1"}, {"name": "181", "category": "5"}, {"name": "182", "category": "1"}, {"name": "183", "category": "4"}, {"name": "184", "category": "5"}, {"name": "185", "category": "4"}, {"name": "186", "category": "0"}, {"name": "187", "category": "2"}, {"name": "188", "category": "2"}, {"name": "189", "category": "3"}, {"name": "190", "category": "5"}, {"name": "191", "category": "4"}, {"name": "192", "category": "1"}, {"name": "193", "category": "0"}, {"name": "194", "category": "1"}, {"name": "195", "category": "4"}, {"name": "196", "category": "0"}, {"name": "197", "category": "5"}, {"name": "198", "category": "1"}, {"name": "199", "category": "4"}, {"name": "200", "category": "2"}, {"name": "201", "category": "5"}, {"name": "202", "category": "2"}, {"name": "203", "category": "5"}, {"name": "204", "category": "5"}, {"name": "205", "category": "0"}, {"name": "206", "category": "0"}, {"name": "207", "category": "6"}, {"name": "208", "category": "6"}, {"name": "209", "category": "6"}, {"name": "210", "category": "1"}, {"name": "211", "category": "1"}, {"name": "212", "category": "6"}, {"name": "213", "category": "2"}, {"name": "214", "category": "1"}, {"name": "215", "category": "2"}, {"name": "216", "category": "1"}, {"name": "217", "category": "4"}, {"name": "218", "category": "0"}, {"name": "219", "category": "2"}, {"name": "220", "category": "0"}, {"name": "221", "category": "2"}, {"name": "222", "category": "2"}, {"name": "223", "category": "0"}, {"name": "224", "category": "4"}, {"name": "225", "category": "3"}, {"name": "226", "category": "5"}, {"name": "227", "category": "0"}, {"name": "228", "category": "3"}, {"name": "229", "category": "6"}, {"name": "230", "category": "4"}, {"name": "231", "category": "5"}, {"name": "232", "category": "4"}, {"name": "233", "category": "5"}, {"name": "234", "category": "6"}, {"name": "235", "category": "5"}, {"name": "236", "category": "5"}, {"name": "237", "category": "5"}, {"name": "238", "category": "6"}, {"name": "239", "category": "4"}, {"name": "240", "category": "4"}, {"name": "241", "category": "4"}, {"name": "242", "category": "2"}, {"name": "243", "category": "5"}, {"name": "244", "category": "6"}, {"name": "245", "category": "6"}, {"name": "246", "category": "6"}, {"name": "247", "category": "0"}, {"name": "248", "category": "3"}, {"name": "249", "category": "3"}, {"name": "250", "category": "6"}, {"name": "251", "category": "2"}, {"name": "252", "category": "5"}, {"name": "253", "category": "0"}, {"name": "254", "category": "4"}, {"name": "255", "category": "0"}, {"name": "256", "category": "3"}, {"name": "257", "category": "6"}, {"name": "258", "category": "1"}, {"name": "259", "category": "3"}, {"name": "260", "category": "1"}, {"name": "261", "category": "3"}, {"name": "262", "category": "5"}, {"name": "263", "category": "3"}, {"name": "264", "category": "5"}, {"name": "265", "category": "5"}, {"name": "266", "category": "0"}, {"name": "267", "category": "5"}, {"name": "268", "category": "0"}, {"name": "269", "category": "2"}, {"name": "270", "category": "1"}, {"name": "271", "category": "1"}, {"name": "272", "category": "1"}, {"name": "273", "category": "3"}, {"name": "274", "category": "6"}, {"name": "275", "category": "4"}, {"name": "276", "category": "1"}, {"name": "277", "category": "3"}, {"name": "278", "category": "6"}, {"name": "279", "category": "2"}, {"name": "280", "category": "2"}, {"name": "281", "category": "2"}, {"name": "282", "category": "5"}, {"name": "283", "category": "6"}, {"name": "284", "category": "5"}, {"name": "285", "category": "1"}, {"name": "286", "category": "4"}, {"name": "287", "category": "2"}, {"name": "288", "category": "5"}, {"name": "289", "category": "0"}, {"name": "290", "category": "2"}, {"name": "291", "category": "6"}, {"name": "292", "category": "6"}, {"name": "293", "category": "4"}, {"name": "294", "category": "3"}, {"name": "295", "category": "1"}, {"name": "296", "category": "0"}, {"name": "297", "category": "4"}, {"name": "298", "category": "1"}, {"name": "299", "category": "5"}, {"name": "300", "category": "2"}, {"name": "301", "category": "0"}, {"name": "302", "category": "3"}, {"name": "303", "category": "4"}, {"name": "304", "category": "6"}, {"name": "305", "category": "4"}, {"name": "306", "category": "3"}, {"name": "307", "category": "2"}, {"name": "308", "category": "6"}, {"name": "309", "category": "5"}, {"name": "310", "category": "6"}, {"name": "311", "category": "5"}, {"name": "312", "category": "6"}, {"name": "313", "category": "3"}, {"name": "314", "category": "4"}, {"name": "315", "category": "6"}, {"name": "316", "category": "0"}, {"name": "317", "category": "5"}, {"name": "318", "category": "1"}, {"name": "319", "category": "5"}, {"name": "320", "category": "4"}, {"name": "321", "category": "4"}, {"name": "322", "category": "6"}, {"name": "323", "category": "2"}, {"name": "324", "category": "3"}, {"name": "325", "category": "6"}, {"name": "326", "category": "4"}, {"name": "327", "category": "0"}, {"name": "328", "category": "6"}, {"name": "329", "category": "5"}, {"name": "330", "category": "5"}, {"name": "331", "category": "2"}, {"name": "332", "category": "5"}, {"name": "333", "category": "1"}, {"name": "334", "category": "3"}, {"name": "335", "category": "4"}, {"name": "336", "category": "5"}, {"name": "337", "category": "2"}, {"name": "338", "category": "3"}, {"name": "339", "category": "4"}, {"name": "340", "category": "0"}, {"name": "341", "category": "1"}, {"name": "342", "category": "6"}, {"name": "343", "category": "0"}, {"name": "344", "category": "2"}, {"name": "345", "category": "0"}, {"name": "346", "category": "0"}, {"name": "347", "category": "4"}, {"name": "348", "category": "4"}, {"name": "349", "category": "6"}, {"name": "350", "category": "3"}, {"name": "351", "category": "0"}, {"name": "352", "category": "3"}, {"name": "353", "category": "6"}, {"name": "354", "category": "2"}, {"name": "355", "category": "4"}, {"name": "356", "category": "3"}, {"name": "357", "category": "1"}, {"name": "358", "category": "3"}, {"name": "359", "category": "1"}, {"name": "360", "category": "6"}, {"name": "361", "category": "1"}, {"name": "362", "category": "3"}, {"name": "363", "category": "2"}, {"name": "364", "category": "5"}, {"name": "365", "category": "1"}, {"name": "366", "category": "0"}, {"name": "367", "category": "2"}, {"name": "368", "category": "1"}, {"name": "369", "category": "5"}, {"name": "370", "category": "0"}, {"name": "371", "category": "5"}, {"name": "372", "category": "5"}, {"name": "373", "category": "5"}, {"name": "374", "category": "4"}, {"name": "375", "category": "3"}, {"name": "376", "category": "1"}, {"name": "377", "category": "3"}, {"name": "378", "category": "4"}, {"name": "379", "category": "1"}, {"name": "380", "category": "1"}, {"name": "381", "category": "0"}, {"name": "382", "category": "1"}, {"name": "383", "category": "5"}, {"name": "384", "category": "5"}, {"name": "385", "category": "1"}, {"name": "386", "category": "6"}, {"name": "387", "category": "1"}, {"name": "388", "category": "2"}, {"name": "389", "category": "6"}, {"name": "390", "category": "2"}, {"name": "391", "category": "3"}, {"name": "392", "category": "6"}, {"name": "393", "category": "2"}, {"name": "394", "category": "5"}, {"name": "395", "category": "5"}, {"name": "396", "category": "2"}, {"name": "397", "category": "0"}, {"name": "398", "category": "2"}, {"name": "399", "category": "6"}, {"name": "400", "category": "5"}, {"name": "401", "category": "6"}, {"name": "402", "category": "5"}, {"name": "403", "category": "3"}, {"name": "404", "category": "0"}, {"name": "405", "category": "3"}, {"name": "406", "category": "4"}, {"name": "407", "category": "2"}, {"name": "408", "category": "4"}, {"name": "409", "category": "0"}, {"name": "410", "category": "0"}, {"name": "411", "category": "1"}, {"name": "412", "category": "1"}, {"name": "413", "category": "4"}, {"name": "414", "category": "1"}, {"name": "415", "category": "6"}, {"name": "416", "category": "6"}, {"name": "417", "category": "6"}, {"name": "418", "category": "0"}, {"name": "419", "category": "1"}, {"name": "420", "category": "3"}, {"name": "421", "category": "3"}, {"name": "422", "category": "3"}, {"name": "423", "category": "4"}, {"name": "424", "category": "1"}, {"name": "425", "category": "6"}, {"name": "426", "category": "2"}, {"name": "427", "category": "3"}, {"name": "428", "category": "2"}, {"name": "429", "category": "6"}, {"name": "430", "category": "2"}, {"name": "431", "category": "0"}, {"name": "432", "category": "3"}, {"name": "433", "category": "3"}, {"name": "434", "category": "0"}, {"name": "435", "category": "6"}, {"name": "436", "category": "1"}, {"name": "437", "category": "3"}, {"name": "438", "category": "4"}, {"name": "439", "category": "2"}, {"name": "440", "category": "3"}, {"name": "441", "category": "4"}, {"name": "442", "category": "2"}, {"name": "443", "category": "6"}, {"name": "444", "category": "1"}, {"name": "445", "category": "6"}, {"name": "446", "category": "4"}, {"name": "447", "category": "1"}, {"name": "448", "category": "6"}, {"name": "449", "category": "1"}, {"name": "450", "category": "4"}, {"name": "451", "category": "2"}, {"name": "452", "category": "1"}, {"name": "453", "category": "0"}, {"name": "454", "category": "4"}, {"name": "455", "category": "5"}, {"name": "456", "category": "1"}, {"name": "457", "category": "3"}, {"name": "458", "category": "5"}, {"name": "459", "category": "2"}, {"name": "460", "category": "2"}, {"name": "461", "category": "1"}, {"name": "462", "category": "3"}, {"name": "463", "category": "6"}, {"name": "464", "category": "2"}, {"name": "465", "category": "1"}, {"name": "466", "category": "6"}, {"name": "467", "category": "5"}, {"name": "468", "category": "5"}, {"name": "469", "category": "3"}, {"name": "470", "category": "4"}, {"name": "471", "category": "4"}, {"name": "472", "category": "5"}, {"name": "473", "category": "2"}, {"name": "474", "category": "3"}, {"name": "475", "category": "2"}, {"name": "476", "category": "5"}, {"name": "477", "category": "5"}, {"name": "478", "category": "3"}, {"name": "479", "category": "1"}, {"name": "480", "category": "3"}, {"name": "481", "category": "4"}, {"name": "482", "category": "4"}, {"name": "483", "category": "0"}, {"name": "484", "category": "2"}, {"name": "485", "category": "1"}, {"name": "486", "category": "4"}, {"name": "487", "category": "1"}, {"name": "488", "category": "6"}, {"name": "489", "category": "2"}, {"name": "490", "category": "3"}, {"name": "491", "category": "3"}, {"name": "492", "category": "6"}, {"name": "493", "category": "2"}, {"name": "494", "category": "4"}, {"name": "495", "category": "4"}, {"name": "496", "category": "6"}, {"name": "497", "category": "3"}, {"name": "498", "category": "6"}, {"name": "499", "category": "2"}, {"name": "500", "category": "5"}, {"name": "501", "category": "5"}, {"name": "502", "category": "4"}, {"name": "503", "category": "3"}, {"name": "504", "category": "3"}, {"name": "505", "category": "6"}, {"name": "506", "category": "1"}, {"name": "507", "category": "3"}, {"name": "508", "category": "4"}, {"name": "509", "category": "2"}, {"name": "510", "category": "6"}, {"name": "511", "category": "3"}, {"name": "512", "category": "6"}, {"name": "513", "category": "3"}, {"name": "514", "category": "6"}, {"name": "515", "category": "4"}, {"name": "516", "category": "4"}, {"name": "517", "category": "4"}, {"name": "518", "category": "0"}, {"name": "519", "category": "1"}, {"name": "520", "category": "6"}, {"name": "521", "category": "2"}, {"name": "522", "category": "0"}, {"name": "523", "category": "2"}, {"name": "524", "category": "0"}, {"name": "525", "category": "5"}, {"name": "526", "category": "2"}, {"name": "527", "category": "0"}, {"name": "528", "category": "0"}, {"name": "529", "category": "3"}, {"name": "530", "category": "0"}, {"name": "531", "category": "5"}, {"name": "532", "category": "5"}, {"name": "533", "category": "0"}, {"name": "534", "category": "6"}, {"name": "535", "category": "6"}, {"name": "536", "category": "2"}, {"name": "537", "category": "3"}, {"name": "538", "category": "6"}, {"name": "539", "category": "4"}, {"name": "540", "category": "1"}, {"name": "541", "category": "1"}, {"name": "542", "category": "5"}, {"name": "543", "category": "3"}, {"name": "544", "category": "1"}, {"name": "545", "category": "4"}, {"name": "546", "category": "4"}, {"name": "547", "category": "2"}, {"name": "548", "category": "3"}, {"name": "549", "category": "5"}, {"name": "550", "category": "4"}, {"name": "551", "category": "1"}, {"name": "552", "category": "2"}, {"name": "553", "category": "1"}, {"name": "554", "category": "4"}, {"name": "555", "category": "1"}, {"name": "556", "category": "4"}, {"name": "557", "category": "5"}, {"name": "558", "category": "3"}, {"name": "559", "category": "5"}, {"name": "560", "category": "0"}, {"name": "561", "category": "2"}, {"name": "562", "category": "6"}, {"name": "563", "category": "4"}, {"name": "564", "category": "1"}, {"name": "565", "category": "4"}, {"name": "566", "category": "1"}, {"name": "567", "category": "3"}, {"name": "568", "category": "4"}, {"name": "569", "category": "5"}, {"name": "570", "category": "0"}, {"name": "571", "category": "0"}, {"name": "572", "category": "4"}, {"name": "573", "category": "1"}, {"name": "574", "category": "0"}, {"name": "575", "category": "2"}, {"name": "576", "category": "4"}, {"name": "577", "category": "1"}, {"name": "578", "category": "0"}, {"name": "579", "category": "1"}, {"name": "580", "category": "1"}, {"name": "581", "category": "0"}, {"name": "582", "category": "5"}, {"name": "583", "category": "5"}, {"name": "584", "category": "0"}, {"name": "585", "category": "4"}, {"name": "586", "category": "6"}, {"name": "587", "category": "2"}, {"name": "588", "category": "0"}, {"name": "589", "category": "5"}, {"name": "590", "category": "6"}, {"name": "591", "category": "2"}, {"name": "592", "category": "0"}, {"name": "593", "category": "2"}, {"name": "594", "category": "1"}, {"name": "595", "category": "0"}, {"name": "596", "category": "2"}, {"name": "597", "category": "2"}, {"name": "598", "category": "3"}, {"name": "599", "category": "5"}, {"name": "600", "category": "3"}, {"name": "601", "category": "3"}, {"name": "602", "category": "6"}, {"name": "603", "category": "2"}, {"name": "604", "category": "4"}, {"name": "605", "category": "1"}, {"name": "606", "category": "1"}, {"name": "607", "category": "5"}, {"name": "608", "category": "3"}, {"name": "609", "category": "1"}, {"name": "610", "category": "6"}, {"name": "611", "category": "4"}, {"name": "612", "category": "0"}, {"name": "613", "category": "1"}, {"name": "614", "category": "4"}, {"name": "615", "category": "0"}, {"name": "616", "category": "4"}, {"name": "617", "category": "6"}, {"name": "618", "category": "2"}, {"name": "619", "category": "0"}, {"name": "620", "category": "5"}, {"name": "621", "category": "0"}, {"name": "622", "category": "5"}, {"name": "623", "category": "4"}, {"name": "624", "category": "4"}, {"name": "625", "category": "6"}, {"name": "626", "category": "2"}, {"name": "627", "category": "6"}, {"name": "628", "category": "3"}, {"name": "629", "category": "4"}, {"name": "630", "category": "3"}, {"name": "631", "category": "0"}, {"name": "632", "category": "3"}, {"name": "633", "category": "4"}, {"name": "634", "category": "5"}, {"name": "635", "category": "1"}, {"name": "636", "category": "2"}, {"name": "637", "category": "0"}, {"name": "638", "category": "3"}, {"name": "639", "category": "2"}, {"name": "640", "category": "3"}, {"name": "641", "category": "1"}, {"name": "642", "category": "0"}, {"name": "643", "category": "4"}, {"name": "644", "category": "5"}, {"name": "645", "category": "5"}, {"name": "646", "category": "6"}, {"name": "647", "category": "4"}, {"name": "648", "category": "3"}, {"name": "649", "category": "4"}, {"name": "650", "category": "2"}, {"name": "651", "category": "1"}, {"name": "652", "category": "2"}, {"name": "653", "category": "6"}, {"name": "654", "category": "2"}, {"name": "655", "category": "1"}, {"name": "656", "category": "0"}, {"name": "657", "category": "4"}, {"name": "658", "category": "5"}, {"name": "659", "category": "0"}, {"name": "660", "category": "6"}, {"name": "661", "category": "4"}, {"name": "662", "category": "3"}, {"name": "663", "category": "3"}, {"name": "664", "category": "4"}, {"name": "665", "category": "5"}, {"name": "666", "category": "4"}, {"name": "667", "category": "3"}, {"name": "668", "category": "6"}, {"name": "669", "category": "6"}, {"name": "670", "category": "3"}, {"name": "671", "category": "4"}, {"name": "672", "category": "4"}, {"name": "673", "category": "3"}, {"name": "674", "category": "2"}, {"name": "675", "category": "1"}, {"name": "676", "category": "3"}, {"name": "677", "category": "1"}, {"name": "678", "category": "5"}, {"name": "679", "category": "1"}, {"name": "680", "category": "2"}, {"name": "681", "category": "1"}, {"name": "682", "category": "6"}, {"name": "683", "category": "4"}, {"name": "684", "category": "2"}, {"name": "685", "category": "6"}, {"name": "686", "category": "3"}, {"name": "687", "category": "2"}, {"name": "688", "category": "4"}, {"name": "689", "category": "4"}, {"name": "690", "category": "3"}, {"name": "691", "category": "0"}, {"name": "692", "category": "0"}, {"name": "693", "category": "5"}, {"name": "694", "category": "3"}, {"name": "695", "category": "0"}, {"name": "696", "category": "3"}, {"name": "697", "category": "3"}, {"name": "698", "category": "5"}, {"name": "699", "category": "4"}, {"name": "700", "category": "1"}, {"name": "701", "category": "5"}, {"name": "702", "category": "5"}, {"name": "703", "category": "4"}, {"name": "704", "category": "5"}, {"name": "705", "category": "0"}, {"name": "706", "category": "0"}, {"name": "707", "category": "4"}, {"name": "708", "category": "5"}, {"name": "709", "category": "2"}, {"name": "710", "category": "4"}, {"name": "711", "category": "0"}, {"name": "712", "category": "2"}, {"name": "713", "category": "1"}, {"name": "714", "category": "4"}, {"name": "715", "category": "3"}, {"name": "716", "category": "5"}, {"name": "717", "category": "0"}, {"name": "718", "category": "5"}, {"name": "719", "category": "3"}, {"name": "720", "category": "0"}, {"name": "721", "category": "1"}, {"name": "722", "category": "5"}, {"name": "723", "category": "4"}, {"name": "724", "category": "6"}, {"name": "725", "category": "1"}, {"name": "726", "category": "2"}, {"name": "727", "category": "5"}, {"name": "728", "category": "3"}, {"name": "729", "category": "2"}, {"name": "730", "category": "3"}, {"name": "731", "category": "6"}, {"name": "732", "category": "3"}, {"name": "733", "category": "1"}, {"name": "734", "category": "0"}, {"name": "735", "category": "0"}, {"name": "736", "category": "4"}, {"name": "737", "category": "2"}, {"name": "738", "category": "4"}, {"name": "739", "category": "4"}, {"name": "740", "category": "5"}, {"name": "741", "category": "6"}, {"name": "742", "category": "3"}, {"name": "743", "category": "4"}, {"name": "744", "category": "2"}, {"name": "745", "category": "2"}, {"name": "746", "category": "0"}, {"name": "747", "category": "3"}, {"name": "748", "category": "3"}, {"name": "749", "category": "0"}, {"name": "750", "category": "6"}, {"name": "751", "category": "1"}, {"name": "752", "category": "2"}, {"name": "753", "category": "6"}, {"name": "754", "category": "1"}, {"name": "755", "category": "4"}, {"name": "756", "category": "5"}, {"name": "757", "category": "0"}, {"name": "758", "category": "0"}, {"name": "759", "category": "2"}, {"name": "760", "category": "1"}, {"name": "761", "category": "1"}, {"name": "762", "category": "3"}, {"name": "763", "category": "2"}, {"name": "764", "category": "0"}, {"name": "765", "category": "4"}, {"name": "766", "category": "0"}, {"name": "767", "category": "0"}, {"name": "768", "category": "3"}, {"name": "769", "category": "2"}, {"name": "770", "category": "3"}, {"name": "771", "category": "0"}, {"name": "772", "category": "2"}, {"name": "773", "category": "5"}, {"name": "774", "category": "4"}, {"name": "775", "category": "3"}, {"name": "776", "category": "5"}, {"name": "777", "category": "3"}, {"name": "778", "category": "0"}, {"name": "779", "category": "3"}, {"name": "780", "category": "6"}, {"name": "781", "category": "3"}, {"name": "782", "category": "5"}, {"name": "783", "category": "0"}, {"name": "784", "category": "6"}, {"name": "785", "category": "6"}, {"name": "786", "category": "4"}, {"name": "787", "category": "2"}, {"name": "788", "category": "6"}, {"name": "789", "category": "4"}, {"name": "790", "category": "5"}, {"name": "791", "category": "1"}, {"name": "792", "category": "2"}, {"name": "793", "category": "1"}, {"name": "794", "category": "2"}, {"name": "795", "category": "5"}, {"name": "796", "category": "6"}, {"name": "797", "category": "2"}, {"name": "798", "category": "2"}, {"name": "799", "category": "0"}, {"name": "800", "category": "2"}], "links": [{"source": "57", "target": "436", "value": ""}, {"source": "58", "target": "520", "value": ""}, {"source": "58", "target": "31", "value": ""}, {"source": "58", "target": "48", "value": ""}, {"source": "58", "target": "127", "value": ""}, {"source": "58", "target": "67", "value": ""}, {"source": "65", "target": "530", "value": ""}, {"source": "65", "target": "6", "value": ""}, {"source": "68", "target": "114", "value": ""}, {"source": "68", "target": "76", "value": ""}, {"source": "73", "target": "102", "value": ""}, {"source": "74", "target": "129", "value": ""}, {"source": "74", "target": "123", "value": ""}, {"source": "74", "target": "129", "value": ""}, {"source": "76", "target": "68", "value": ""}, {"source": "77", "target": "434", "value": ""}, {"source": "77", "target": "402", "value": ""}, {"source": "77", "target": "125", "value": ""}, {"source": "79", "target": "530", "value": ""}, {"source": "79", "target": "4", "value": ""}, {"source": "83", "target": "111", "value": ""}, {"source": "83", "target": "76", "value": ""}, {"source": "86", "target": "530", "value": ""}, {"source": "86", "target": "67", "value": ""}, {"source": "94", "target": "524", "value": ""}, {"source": "95", "target": "102", "value": ""}, {"source": "101", "target": "512", "value": ""}, {"source": "101", "target": "435", "value": ""}, {"source": "107", "target": "524", "value": ""}, {"source": "107", "target": "438", "value": ""}, {"source": "109", "target": "508", "value": ""}, {"source": "115", "target": "149", "value": ""}, {"source": "116", "target": "512", "value": ""}, {"source": "125", "target": "45", "value": ""}, {"source": "128", "target": "636", "value": ""}, {"source": "129", "target": "129", "value": ""}, {"source": "134", "target": "34", "value": ""}, {"source": "135", "target": "25", "value": ""}, {"source": "137", "target": "34", "value": ""}, {"source": "138", "target": "494", "value": ""}, {"source": "138", "target": "492", "value": ""}, {"source": "138", "target": "475", "value": ""}, {"source": "138", "target": "535", "value": ""}, {"source": "138", "target": "76", "value": ""}, {"source": "138", "target": "19", "value": ""}, {"source": "139", "target": "31", "value": ""}, {"source": "143", "target": "33", "value": ""}, {"source": "146", "target": "618", "value": ""}, {"source": "148", "target": "519", "value": ""}, {"source": "152", "target": "66", "value": ""}, {"source": "153", "target": "25", "value": ""}, {"source": "154", "target": "154", "value": ""}, {"source": "155", "target": "96", "value": ""}, {"source": "161", "target": "575", "value": ""}, {"source": "163", "target": "167", "value": ""}, {"source": "163", "target": "130", "value": ""}, {"source": "163", "target": "155", "value": ""}, {"source": "163", "target": "595", "value": ""}, {"source": "164", "target": "70", "value": ""}, {"source": "167", "target": "96", "value": ""}, {"source": "170", "target": "96", "value": ""}, {"source": "172", "target": "76", "value": ""}, {"source": "175", "target": "127", "value": ""}, {"source": "175", "target": "565", "value": ""}, {"source": "175", "target": "67", "value": ""}, {"source": "175", "target": "86", "value": ""}, {"source": "178", "target": "555", "value": ""}, {"source": "180", "target": "168", "value": ""}, {"source": "180", "target": "146", "value": ""}, {"source": "180", "target": "75", "value": ""}, {"source": "180", "target": "82", "value": ""}, {"source": "181", "target": "79", "value": ""}, {"source": "183", "target": "150", "value": ""}, {"source": "183", "target": "125", "value": ""}, {"source": "183", "target": "589", "value": ""}, {"source": "183", "target": "434", "value": ""}, {"source": "183", "target": "589", "value": ""}, {"source": "184", "target": "139", "value": ""}, {"source": "186", "target": "430", "value": ""}, {"source": "186", "target": "422", "value": ""}, {"source": "186", "target": "77", "value": ""}, {"source": "187", "target": "150", "value": ""}, {"source": "188", "target": "167", "value": ""}, {"source": "188", "target": "428", "value": ""}, {"source": "188", "target": "429", "value": ""}, {"source": "189", "target": "191", "value": ""}, {"source": "192", "target": "29", "value": ""}, {"source": "193", "target": "159", "value": ""}, {"source": "193", "target": "72", "value": ""}, {"source": "195", "target": "175", "value": ""}, {"source": "195", "target": "151", "value": ""}, {"source": "195", "target": "109", "value": ""}, {"source": "196", "target": "420", "value": ""}, {"source": "196", "target": "6", "value": ""}, {"source": "196", "target": "6", "value": ""}, {"source": "196", "target": "94", "value": ""}, {"source": "197", "target": "185", "value": ""}, {"source": "201", "target": "190", "value": ""}, {"source": "202", "target": "559", "value": ""}, {"source": "204", "target": "200", "value": ""}, {"source": "204", "target": "169", "value": ""}, {"source": "204", "target": "465", "value": ""}, {"source": "204", "target": "606", "value": ""}, {"source": "205", "target": "120", "value": ""}, {"source": "205", "target": "597", "value": ""}, {"source": "205", "target": "628", "value": ""}, {"source": "206", "target": "179", "value": ""}, {"source": "206", "target": "177", "value": ""}, {"source": "208", "target": "417", "value": ""}, {"source": "208", "target": "460", "value": ""}, {"source": "211", "target": "462", "value": ""}, {"source": "211", "target": "530", "value": ""}, {"source": "211", "target": "79", "value": ""}, {"source": "212", "target": "423", "value": ""}, {"source": "212", "target": "77", "value": ""}, {"source": "212", "target": "61", "value": ""}, {"source": "213", "target": "81", "value": ""}, {"source": "213", "target": "99", "value": ""}, {"source": "216", "target": "170", "value": ""}, {"source": "216", "target": "602", "value": ""}, {"source": "219", "target": "213", "value": ""}, {"source": "222", "target": "102", "value": ""}, {"source": "222", "target": "473", "value": ""}, {"source": "222", "target": "462", "value": ""}, {"source": "222", "target": "164", "value": ""}, {"source": "222", "target": "622", "value": ""}, {"source": "222", "target": "222", "value": ""}, {"source": "222", "target": "73", "value": ""}, {"source": "222", "target": "95", "value": ""}, {"source": "223", "target": "205", "value": ""}, {"source": "224", "target": "155", "value": ""}, {"source": "225", "target": "496", "value": ""}, {"source": "226", "target": "611", "value": ""}, {"source": "226", "target": "641", "value": ""}, {"source": "229", "target": "79", "value": ""}, {"source": "229", "target": "77", "value": ""}, {"source": "232", "target": "605", "value": ""}, {"source": "233", "target": "178", "value": ""}, {"source": "233", "target": "137", "value": ""}, {"source": "233", "target": "34", "value": ""}, {"source": "233", "target": "61", "value": ""}, {"source": "233", "target": "34", "value": ""}, {"source": "235", "target": "465", "value": ""}, {"source": "239", "target": "209", "value": ""}, {"source": "239", "target": "646", "value": ""}, {"source": "242", "target": "578", "value": ""}, {"source": "242", "target": "203", "value": ""}, {"source": "242", "target": "569", "value": ""}, {"source": "246", "target": "252", "value": ""}, {"source": "246", "target": "475", "value": ""}, {"source": "246", "target": "602", "value": ""}, {"source": "246", "target": "230", "value": ""}, {"source": "248", "target": "594", "value": ""}, {"source": "248", "target": "182", "value": ""}, {"source": "249", "target": "209", "value": ""}, {"source": "251", "target": "280", "value": ""}, {"source": "252", "target": "151", "value": ""}, {"source": "252", "target": "124", "value": ""}, {"source": "252", "target": "475", "value": ""}, {"source": "252", "target": "432", "value": ""}, {"source": "252", "target": "602", "value": ""}, {"source": "254", "target": "216", "value": ""}, {"source": "255", "target": "161", "value": ""}, {"source": "255", "target": "109", "value": ""}, {"source": "255", "target": "48", "value": ""}, {"source": "255", "target": "623", "value": ""}, {"source": "255", "target": "94", "value": ""}, {"source": "257", "target": "120", "value": ""}, {"source": "258", "target": "245", "value": ""}, {"source": "260", "target": "222", "value": ""}, {"source": "260", "target": "171", "value": ""}, {"source": "262", "target": "638", "value": ""}, {"source": "264", "target": "423", "value": ""}, {"source": "264", "target": "150", "value": ""}, {"source": "264", "target": "125", "value": ""}, {"source": "264", "target": "163", "value": ""}, {"source": "264", "target": "526", "value": ""}, {"source": "265", "target": "677", "value": ""}, {"source": "265", "target": "457", "value": ""}, {"source": "265", "target": "582", "value": ""}, {"source": "267", "target": "224", "value": ""}, {"source": "268", "target": "601", "value": ""}, {"source": "270", "target": "9", "value": ""}, {"source": "270", "target": "19", "value": ""}, {"source": "272", "target": "144", "value": ""}, {"source": "272", "target": "247", "value": ""}, {"source": "273", "target": "150", "value": ""}, {"source": "273", "target": "187", "value": ""}, {"source": "275", "target": "203", "value": ""}, {"source": "275", "target": "242", "value": ""}, {"source": "279", "target": "659", "value": ""}, {"source": "279", "target": "156", "value": ""}, {"source": "279", "target": "155", "value": ""}, {"source": "279", "target": "553", "value": ""}, {"source": "279", "target": "587", "value": ""}, {"source": "279", "target": "595", "value": ""}, {"source": "279", "target": "589", "value": ""}, {"source": "279", "target": "589", "value": ""}, {"source": "280", "target": "22", "value": ""}, {"source": "283", "target": "659", "value": ""}, {"source": "283", "target": "213", "value": ""}, {"source": "283", "target": "156", "value": ""}, {"source": "283", "target": "150", "value": ""}, {"source": "288", "target": "189", "value": ""}, {"source": "289", "target": "270", "value": ""}, {"source": "289", "target": "192", "value": ""}, {"source": "291", "target": "667", "value": ""}, {"source": "291", "target": "387", "value": ""}, {"source": "291", "target": "220", "value": ""}, {"source": "293", "target": "61", "value": ""}, {"source": "295", "target": "163", "value": ""}, {"source": "295", "target": "238", "value": ""}, {"source": "299", "target": "267", "value": ""}, {"source": "300", "target": "283", "value": ""}, {"source": "300", "target": "267", "value": ""}, {"source": "300", "target": "273", "value": ""}, {"source": "301", "target": "190", "value": ""}, {"source": "302", "target": "183", "value": ""}, {"source": "302", "target": "150", "value": ""}, {"source": "302", "target": "457", "value": ""}, {"source": "302", "target": "457", "value": ""}, {"source": "303", "target": "97", "value": ""}, {"source": "305", "target": "305", "value": ""}, {"source": "305", "target": "211", "value": ""}, {"source": "305", "target": "179", "value": ""}, {"source": "305", "target": "76", "value": ""}, {"source": "308", "target": "241", "value": ""}, {"source": "309", "target": "309", "value": ""}, {"source": "309", "target": "139", "value": ""}, {"source": "309", "target": "184", "value": ""}, {"source": "309", "target": "536", "value": ""}, {"source": "309", "target": "463", "value": ""}, {"source": "312", "target": "312", "value": ""}, {"source": "316", "target": "686", "value": ""}, {"source": "319", "target": "144", "value": ""}, {"source": "319", "target": "176", "value": ""}, {"source": "319", "target": "241", "value": ""}, {"source": "321", "target": "492", "value": ""}, {"source": "321", "target": "86", "value": ""}, {"source": "321", "target": "19", "value": ""}, {"source": "323", "target": "70", "value": ""}, {"source": "324", "target": "319", "value": ""}, {"source": "326", "target": "709", "value": ""}, {"source": "326", "target": "311", "value": ""}, {"source": "327", "target": "109", "value": ""}, {"source": "327", "target": "48", "value": ""}, {"source": "328", "target": "423", "value": ""}, {"source": "328", "target": "299", "value": ""}, {"source": "328", "target": "150", "value": ""}, {"source": "329", "target": "124", "value": ""}, {"source": "329", "target": "444", "value": ""}, {"source": "329", "target": "316", "value": ""}, {"source": "330", "target": "659", "value": ""}, {"source": "330", "target": "152", "value": ""}, {"source": "330", "target": "283", "value": ""}, {"source": "330", "target": "421", "value": ""}, {"source": "331", "target": "684", "value": ""}, {"source": "331", "target": "307", "value": ""}, {"source": "331", "target": "262", "value": ""}, {"source": "331", "target": "66", "value": ""}, {"source": "333", "target": "19", "value": ""}, {"source": "334", "target": "707", "value": ""}, {"source": "334", "target": "270", "value": ""}, {"source": "336", "target": "638", "value": ""}, {"source": "338", "target": "714", "value": ""}, {"source": "338", "target": "706", "value": ""}, {"source": "339", "target": "703", "value": ""}, {"source": "339", "target": "333", "value": ""}, {"source": "339", "target": "328", "value": ""}, {"source": "339", "target": "356", "value": ""}, {"source": "339", "target": "276", "value": ""}, {"source": "339", "target": "299", "value": ""}, {"source": "339", "target": "270", "value": ""}, {"source": "340", "target": "686", "value": ""}, {"source": "341", "target": "279", "value": ""}, {"source": "345", "target": "709", "value": ""}, {"source": "345", "target": "305", "value": ""}, {"source": "345", "target": "305", "value": ""}, {"source": "345", "target": "193", "value": ""}, {"source": "345", "target": "79", "value": ""}, {"source": "347", "target": "356", "value": ""}, {"source": "349", "target": "720", "value": ""}, {"source": "349", "target": "714", "value": ""}, {"source": "349", "target": "352", "value": ""}, {"source": "349", "target": "338", "value": ""}, {"source": "350", "target": "706", "value": ""}, {"source": "350", "target": "662", "value": ""}, {"source": "350", "target": "390", "value": ""}, {"source": "352", "target": "714", "value": ""}, {"source": "352", "target": "700", "value": ""}, {"source": "352", "target": "654", "value": ""}, {"source": "352", "target": "639", "value": ""}, {"source": "352", "target": "349", "value": ""}, {"source": "352", "target": "338", "value": ""}, {"source": "352", "target": "390", "value": ""}, {"source": "352", "target": "387", "value": ""}, {"source": "355", "target": "257", "value": ""}, {"source": "355", "target": "135", "value": ""}, {"source": "355", "target": "153", "value": ""}, {"source": "357", "target": "321", "value": ""}, {"source": "358", "target": "704", "value": ""}, {"source": "358", "target": "358", "value": ""}, {"source": "359", "target": "678", "value": ""}, {"source": "359", "target": "390", "value": ""}, {"source": "359", "target": "312", "value": ""}, {"source": "359", "target": "307", "value": ""}, {"source": "360", "target": "213", "value": ""}, {"source": "360", "target": "224", "value": ""}, {"source": "364", "target": "276", "value": ""}, {"source": "364", "target": "179", "value": ""}, {"source": "364", "target": "584", "value": ""}, {"source": "366", "target": "166", "value": ""}, {"source": "367", "target": "276", "value": ""}, {"source": "367", "target": "48", "value": ""}, {"source": "367", "target": "280", "value": ""}, {"source": "369", "target": "691", "value": ""}, {"source": "369", "target": "330", "value": ""}, {"source": "369", "target": "283", "value": ""}, {"source": "369", "target": "155", "value": ""}, {"source": "370", "target": "333", "value": ""}, {"source": "370", "target": "5", "value": ""}, {"source": "372", "target": "743", "value": ""}, {"source": "372", "target": "177", "value": ""}, {"source": "372", "target": "374", "value": ""}, {"source": "373", "target": "384", "value": ""}, {"source": "374", "target": "132", "value": ""}, {"source": "377", "target": "696", "value": ""}, {"source": "377", "target": "329", "value": ""}, {"source": "377", "target": "304", "value": ""}, {"source": "377", "target": "316", "value": ""}, {"source": "381", "target": "263", "value": ""}, {"source": "383", "target": "274", "value": ""}, {"source": "383", "target": "287", "value": ""}, {"source": "384", "target": "340", "value": ""}, {"source": "385", "target": "730", "value": ""}, {"source": "385", "target": "668", "value": ""}, {"source": "385", "target": "640", "value": ""}, {"source": "385", "target": "334", "value": ""}, {"source": "385", "target": "329", "value": ""}, {"source": "385", "target": "285", "value": ""}, {"source": "385", "target": "246", "value": ""}, {"source": "385", "target": "279", "value": ""}, {"source": "386", "target": "316", "value": ""}, {"source": "386", "target": "689", "value": ""}, {"source": "391", "target": "616", "value": ""}, {"source": "392", "target": "252", "value": ""}, {"source": "392", "target": "252", "value": ""}, {"source": "392", "target": "216", "value": ""}, {"source": "393", "target": "417", "value": ""}, {"source": "393", "target": "415", "value": ""}, {"source": "393", "target": "583", "value": ""}, {"source": "395", "target": "697", "value": ""}, {"source": "395", "target": "641", "value": ""}, {"source": "395", "target": "229", "value": ""}, {"source": "397", "target": "744", "value": ""}, {"source": "401", "target": "435", "value": ""}, {"source": "404", "target": "143", "value": ""}, {"source": "404", "target": "179", "value": ""}, {"source": "404", "target": "677", "value": ""}, {"source": "404", "target": "677", "value": ""}, {"source": "404", "target": "262", "value": ""}, {"source": "404", "target": "300", "value": ""}, {"source": "404", "target": "701", "value": ""}, {"source": "404", "target": "712", "value": ""}, {"source": "404", "target": "331", "value": ""}, {"source": "404", "target": "719", "value": ""}, {"source": "404", "target": "719", "value": ""}, {"source": "404", "target": "331", "value": ""}, {"source": "404", "target": "746", "value": ""}, {"source": "404", "target": "370", "value": ""}, {"source": "404", "target": "379", "value": ""}, {"source": "404", "target": "480", "value": ""}, {"source": "404", "target": "746", "value": ""}, {"source": "404", "target": "722", "value": ""}, {"source": "404", "target": "352", "value": ""}, {"source": "404", "target": "386", "value": ""}, {"source": "404", "target": "414", "value": ""}, {"source": "404", "target": "413", "value": ""}, {"source": "404", "target": "467", "value": ""}, {"source": "404", "target": "468", "value": ""}, {"source": "405", "target": "613", "value": ""}, {"source": "405", "target": "715", "value": ""}, {"source": "405", "target": "754", "value": ""}, {"source": "412", "target": "146", "value": ""}, {"source": "412", "target": "722", "value": ""}, {"source": "412", "target": "367", "value": ""}, {"source": "413", "target": "415", "value": ""}, {"source": "414", "target": "66", "value": ""}, {"source": "414", "target": "180", "value": ""}, {"source": "414", "target": "179", "value": ""}, {"source": "414", "target": "209", "value": ""}, {"source": "414", "target": "677", "value": ""}, {"source": "414", "target": "719", "value": ""}, {"source": "414", "target": "719", "value": ""}, {"source": "418", "target": "127", "value": ""}, {"source": "418", "target": "86", "value": ""}, {"source": "418", "target": "67", "value": ""}, {"source": "420", "target": "435", "value": ""}, {"source": "420", "target": "16", "value": ""}, {"source": "420", "target": "531", "value": ""}, {"source": "420", "target": "94", "value": ""}, {"source": "422", "target": "526", "value": ""}, {"source": "422", "target": "526", "value": ""}, {"source": "423", "target": "125", "value": ""}, {"source": "423", "target": "547", "value": ""}, {"source": "426", "target": "112", "value": ""}, {"source": "427", "target": "532", "value": ""}, {"source": "427", "target": "471", "value": ""}, {"source": "427", "target": "60", "value": ""}, {"source": "427", "target": "101", "value": ""}, {"source": "428", "target": "526", "value": ""}, {"source": "428", "target": "38", "value": ""}, {"source": "428", "target": "526", "value": ""}, {"source": "428", "target": "471", "value": ""}, {"source": "431", "target": "472", "value": ""}, {"source": "440", "target": "120", "value": ""}, {"source": "440", "target": "552", "value": ""}, {"source": "440", "target": "178", "value": ""}, {"source": "445", "target": "464", "value": ""}, {"source": "447", "target": "425", "value": ""}, {"source": "447", "target": "198", "value": ""}, {"source": "448", "target": "40", "value": ""}, {"source": "448", "target": "589", "value": ""}, {"source": "448", "target": "79", "value": ""}, {"source": "451", "target": "515", "value": ""}, {"source": "451", "target": "19", "value": ""}, {"source": "451", "target": "113", "value": ""}, {"source": "451", "target": "48", "value": ""}, {"source": "451", "target": "537", "value": ""}, {"source": "451", "target": "65", "value": ""}, {"source": "451", "target": "151", "value": ""}, {"source": "451", "target": "582", "value": ""}, {"source": "451", "target": "627", "value": ""}, {"source": "451", "target": "461", "value": ""}, {"source": "451", "target": "463", "value": ""}, {"source": "451", "target": "642", "value": ""}, {"source": "451", "target": "639", "value": ""}, {"source": "451", "target": "195", "value": ""}, {"source": "451", "target": "639", "value": ""}, {"source": "452", "target": "141", "value": ""}, {"source": "455", "target": "141", "value": ""}, {"source": "455", "target": "66", "value": ""}, {"source": "456", "target": "433", "value": ""}, {"source": "456", "target": "202", "value": ""}, {"source": "460", "target": "505", "value": ""}, {"source": "460", "target": "123", "value": ""}, {"source": "460", "target": "127", "value": ""}, {"source": "460", "target": "129", "value": ""}, {"source": "461", "target": "106", "value": ""}, {"source": "465", "target": "71", "value": ""}, {"source": "465", "target": "129", "value": ""}, {"source": "465", "target": "417", "value": ""}, {"source": "465", "target": "129", "value": ""}, {"source": "467", "target": "385", "value": ""}, {"source": "469", "target": "755", "value": ""}, {"source": "469", "target": "755", "value": ""}, {"source": "469", "target": "444", "value": ""}, {"source": "470", "target": "454", "value": ""}, {"source": "470", "target": "717", "value": ""}, {"source": "470", "target": "717", "value": ""}, {"source": "473", "target": "492", "value": ""}, {"source": "476", "target": "16", "value": ""}, {"source": "476", "target": "34", "value": ""}, {"source": "476", "target": "137", "value": ""}, {"source": "479", "target": "65", "value": ""}, {"source": "479", "target": "701", "value": ""}, {"source": "480", "target": "194", "value": ""}, {"source": "480", "target": "709", "value": ""}, {"source": "481", "target": "444", "value": ""}, {"source": "482", "target": "690", "value": ""}, {"source": "485", "target": "640", "value": ""}, {"source": "486", "target": "562", "value": ""}, {"source": "486", "target": "355", "value": ""}, {"source": "486", "target": "442", "value": ""}, {"source": "494", "target": "438", "value": ""}, {"source": "497", "target": "533", "value": ""}, {"source": "497", "target": "71", "value": ""}, {"source": "497", "target": "466", "value": ""}, {"source": "498", "target": "93", "value": ""}, {"source": "498", "target": "620", "value": ""}, {"source": "498", "target": "592", "value": ""}, {"source": "499", "target": "93", "value": ""}, {"source": "499", "target": "143", "value": ""}, {"source": "499", "target": "607", "value": ""}, {"source": "500", "target": "424", "value": ""}]}